# k [h/Mpc]  P(k) [(Mpc/h)^3] -- CDM linear P(k) at z=0 for the Planck 2018 cosmology in config/planck2018_camb.yml, generated via CAMB (see scripts or docs/MODELS.md for how to regenerate). Illustrative example for mode="user", not a substitute for running your own Boltzmann code.
9.999999747378751636e-05 4.605502868698031307e+02
1.006935123278117052e-04 4.636205705744694683e+02
1.013918368104848976e-04 4.667113013195556732e+02
1.020950042772970809e-04 4.698226145132933880e+02
1.028030483150634689e-04 4.729546464513877595e+02
1.035160027435288365e-04 4.761075343227684584e+02
1.042339016169829401e-04 4.792814163217101964e+02
1.049567792258871058e-04 4.824764319026498356e+02
1.056846700985120656e-04 4.856927215158304421e+02
1.064176090025872862e-04 4.889304265423845663e+02
1.071556309469616150e-04 4.921896893004975482e+02
1.078987711832754445e-04 4.954706530515991858e+02
1.086470652076445057e-04 4.987734620065799618e+02
1.094005487623554788e-04 5.020982612442264212e+02
1.101592578375729884e-04 5.054451962514110051e+02
1.109232286730588634e-04 5.088144132525595182e+02
1.116924977599031065e-04 5.122060594233716984e+02
1.124671018422668305e-04 5.156202828973143824e+02
1.132470779191372968e-04 5.190572327717192138e+02
1.140324632460953686e-04 5.225170591138944474e+02
1.148232953370948085e-04 5.259999130033085066e+02
1.156196119662542747e-04 5.295059469638432574e+02
1.164214511696615151e-04 5.330353148409810728e+02
1.172288512471902732e-04 5.365881715034585113e+02
1.180418507643295537e-04 5.401646728437626734e+02
1.188604885540257773e-04 5.437649757848610079e+02
1.196848037185376201e-04 5.473892382869782978e+02
1.205148356313037278e-04 5.510376193613274154e+02
1.213506239388234542e-04 5.547102792973349779e+02
1.221922085625504206e-04 5.584073797226552642e+02
1.230396297007995863e-04 5.621290833596926859e+02
1.238929278306670999e-04 5.658755540169635196e+02
1.247521437099638518e-04 5.696469565963973309e+02
1.256173183791622135e-04 5.734434571006488568e+02
1.264884931633562749e-04 5.772652226351126501e+02
1.273657096742358786e-04 5.811124205097742106e+02
1.282490098120740436e-04 5.849852171929200040e+02
1.291384357677285110e-04 5.888837799582570369e+02
1.300340300246567878e-04 5.928082771331668255e+02
1.309358353609455840e-04 5.967588781049591944e+02
1.318438948513539098e-04 6.007357533271197099e+02
1.327582518693706749e-04 6.047390743256260066e+02
1.336789500892864089e-04 6.087690143960653586e+02
1.346060334882792663e-04 6.128257506584257044e+02
1.355395463485157767e-04 6.169094620852745265e+02
1.364795332592657977e-04 6.210203288578184129e+02
1.374260391190324307e-04 6.251585323741933280e+02
1.383791091376965719e-04 6.293242552578282130e+02
1.393387888386763730e-04 6.335176813658720221e+02
1.403051240611016891e-04 6.377389956061629164e+02
1.412781609620034626e-04 6.419883826881352888e+02
1.422579460185186115e-04 6.462660278776075984e+02
1.432445260301098511e-04 6.505721176431047752e+02
1.442379481208011570e-04 6.549068396667652223e+02
1.452382597414285956e-04 6.592703828520658362e+02
1.462455086719068758e-04 6.636629373316125111e+02
1.472597430235114864e-04 6.680846944626666755e+02
1.482810112411767978e-04 6.725358466492875777e+02
1.493093621058099666e-04 6.770165873830321743e+02
1.503448447366209943e-04 6.815271114017199352e+02
1.513875085934689678e-04 6.860676147017229596e+02
1.524374034792243737e-04 6.906382945458443601e+02
1.534945795421480813e-04 6.952393494713212476e+02
1.545590872782865897e-04 6.998709792997563000e+02
1.556309775338839433e-04 7.045333852350034931e+02
1.567103015078104809e-04 7.092267699108653005e+02
1.577971107540083616e-04 7.139513372834902611e+02
1.588914571839539235e-04 7.187072926302624865e+02
1.599933930691373359e-04 7.234948425581548008e+02
1.611029710435594076e-04 7.283141950121497530e+02
1.622202441062454731e-04 7.331655592839879318e+02
1.633452656237770043e-04 7.380491461351517728e+02
1.644780893328407054e-04 7.429651679814924137e+02
1.656187693427951173e-04 7.479138386661088589e+02
1.667673601382553019e-04 7.528953734250474099e+02
1.679239165816951709e-04 7.579099888961993656e+02
1.690884939160681110e-04 7.629579031282961523e+02
1.702611477674455525e-04 7.680393355899039989e+02
1.714419341476740234e-04 7.731545073280260567e+02
1.726309094570505542e-04 7.783036415322085304e+02
1.738281304870165946e-04 7.834869630670375500e+02
1.750336544228706603e-04 7.887046982822062091e+02
1.762475388464999535e-04 7.939570750222741253e+02
1.774698417391304417e-04 7.992443226365218152e+02
1.787006214840966415e-04 8.045666719888664602e+02
1.799399368696301058e-04 8.099243551407754467e+02
1.811878470916676153e-04 8.153176026955953830e+02
1.824444117566784260e-04 8.207466451143462791e+02
1.837096908845116817e-04 8.262117142656879878e+02
1.849837449112630178e-04 8.317130434484975012e+02
1.862666346921613579e-04 8.372508673999612938e+02
1.875584215044757410e-04 8.428254223037135944e+02
1.888591670504421527e-04 8.484369459293162663e+02
1.901689334602107929e-04 8.540856802077174734e+02
1.914877832948136730e-04 8.597718711489787893e+02
1.928157795491528394e-04 8.654957664841294900e+02
1.941529856550094143e-04 8.712576155808445719e+02
1.954994654840733171e-04 8.770576694542858149e+02
1.968552833509940741e-04 8.828961807779678566e+02
1.982205040164529864e-04 8.887734038805881482e+02
1.995951926902562502e-04 8.946895937898191278e+02
2.009794150344497887e-04 9.006450055896762024e+02
2.023732371664555235e-04 9.066398958481713635e+02
2.037767256622295740e-04 9.126745227723105245e+02
2.051899475594422500e-04 9.187491462182200621e+02
2.066129703606799713e-04 9.248640277012566457e+02
2.080458620366697935e-04 9.310194304061050161e+02
2.094886910295256450e-04 9.372156189970537525e+02
2.109415262560179554e-04 9.434528592301804792e+02
2.124044371108650220e-04 9.497314184315521288e+02
2.138774934700478228e-04 9.560515656136569760e+02
2.153607656941478141e-04 9.624135714855432298e+02
2.168543246317074691e-04 9.688177084629969613e+02
2.183582416226143171e-04 9.752642506787069578e+02
2.198725885015087806e-04 9.817534741565996228e+02
2.213974376012151329e-04 9.882856575784811639e+02
2.229328617561965526e-04 9.948610817209421384e+02
2.244789343060340570e-04 1.001480029156984415e+03
2.260357290989295595e-04 1.008142784266892932e+03
2.276033204952331588e-04 1.014849633249422027e+03
2.291817833709952016e-04 1.021600864133047480e+03
2.307711931215424700e-04 1.028396766680482415e+03
2.323716256650795481e-04 1.035237631313007341e+03
2.339831574463150721e-04 1.042123749534933950e+03
2.356058654401131062e-04 1.049055414659645976e+03
2.372398271551698617e-04 1.056032921831345220e+03
2.388851206377158956e-04 1.063056568035780174e+03
2.405418244752438952e-04 1.070126652111050134e+03
2.422100178002625933e-04 1.077243474802684887e+03
2.438897802940764045e-04 1.084407339924541247e+03
2.455811921905914365e-04 1.091618554512436276e+03
2.472843342801478461e-04 1.098877427632319041e+03
2.489992879133788670e-04 1.106184270328373259e+03
2.507261350050964013e-04 1.113539395635295932e+03
2.524649580382038773e-04 1.120943118590724225e+03
2.542158400676356985e-04 1.128395756232079975e+03
2.559788647243248813e-04 1.135897625851415569e+03
2.577541162191972018e-04 1.143449043332832844e+03
2.595416793471937481e-04 1.151050326090470662e+03
2.613416394913211749e-04 1.158701793453150458e+03
2.631540826267299293e-04 1.166403766674694680e+03
2.649790953248211010e-04 1.174156568944326409e+03
2.668167647573810807e-04 1.181960525397229731e+03
2.686671787007456559e-04 1.189815964521133537e+03
2.705304255399926206e-04 1.197723221716344369e+03
2.724065942731633333e-04 1.205682635606819986e+03
2.742957745155137649e-04 1.213694547004180549e+03
2.761980565037952550e-04 1.221759298921663230e+03
2.781135311005641605e-04 1.229877236588132746e+03
2.800422897985222967e-04 1.238048707462213088e+03
2.819844247248869226e-04 1.246274060178283889e+03
2.839400286457914092e-04 1.254553638461751461e+03
2.859091949707157770e-04 1.262887785164106845e+03
2.878920177569490018e-04 1.271276845115362221e+03
2.898885917140810804e-04 1.279721165142078235e+03
2.918990122085272443e-04 1.288221094077046700e+03
2.939233752680829636e-04 1.296776982768950575e+03
2.959617775865107186e-04 1.305389184624521477e+03
2.980143165281587013e-04 1.314058062454638730e+03
3.000810901326112293e-04 1.322783986700171909e+03
3.021621971193717946e-04 1.331567330334489270e+03
3.042577368925782587e-04 1.340408468760695541e+03
3.063678095457510078e-04 1.349307779827492595e+03
3.084925158665739048e-04 1.358265643845076283e+03
3.106319573417083636e-04 1.367282443422731831e+03
3.127862361616408717e-04 1.376358557093727541e+03
3.149554552255640679e-04 1.385494357373920138e+03
3.171397181462919730e-04 1.394690218363405165e+03
3.193391292552087224e-04 1.403946516280365358e+03
3.215537936072522095e-04 1.413263629470656497e+03
3.237838169859318820e-04 1.422641938417483971e+03
3.260293059083816660e-04 1.432081825768084400e+03
3.282903676304474764e-04 1.441583680013488220e+03
3.305671101518105597e-04 1.451147900211379465e+03
3.328596422211460744e-04 1.460774889049868079e+03
3.351680733413173402e-04 1.470465051758423442e+03
3.374925137746064095e-04 1.480218796123354196e+03
3.398330745479804160e-04 1.490036532503485660e+03
3.421898674583953299e-04 1.499918673845903868e+03
3.445630050781354906e-04 1.509865633613961791e+03
3.469526007601907614e-04 1.519877819107225605e+03
3.493587686436708186e-04 1.529955637692813752e+03
3.517816236592571162e-04 1.540099499036954739e+03
3.542212815346924728e-04 1.550309815115455422e+03
3.566778588003087676e-04 1.560587000224092890e+03
3.591514727945930175e-04 1.570931470989138461e+03
3.616422416697922691e-04 1.581343647137969128e+03
3.641502843975568163e-04 1.591823956883249821e+03
3.666757207746231006e-04 1.602372833932352933e+03
3.692186714285356419e-04 1.612990714647651203e+03
3.717792578234091396e-04 1.623678038043206470e+03
3.743576022657298216e-04 1.634435245799760196e+03
3.769538279101976135e-04 1.645262782279743760e+03
3.795680587656086397e-04 1.656161094284165074e+03
3.822004197007783832e-04 1.667130626821716078e+03
3.848510364505062608e-04 1.678171823675240830e+03
3.875200356215811274e-04 1.689285131019463734e+03
3.902075446988288471e-04 1.700470997550624816e+03
3.929136920512013359e-04 1.711729874498212894e+03
3.956386069379083745e-04 1.723062215636535029e+03
3.983824195145916529e-04 1.734468477342115648e+03
4.011452608395415305e-04 1.745949120966505461e+03
4.039272628799570573e-04 1.757504614070114712e+03
4.067285585182495796e-04 1.769135427252911086e+03
4.095492815583895506e-04 1.780842033889043933e+03
4.123895667322979570e-04 1.792624910141515556e+03
4.152495497062816550e-04 1.804484534976816349e+03
4.181293670875136466e-04 1.816421390175247097e+03
4.210291564305576454e-04 1.828435958018314523e+03
4.239490562439392099e-04 1.840528717384971969e+03
4.268892059967606227e-04 1.852700148775834123e+03
4.298497461253636387e-04 1.864950735312204642e+03
4.328308180400364680e-04 1.877280962747049898e+03
4.358325641317689516e-04 1.889691319475849014e+03
4.388551277790537076e-04 1.902182296547487340e+03
4.418986533547341147e-04 1.914754388876555595e+03
4.449632862329012473e-04 1.927408100062763879e+03
4.480491727958365645e-04 1.940143938438496889e+03
4.511564604410049054e-04 1.952962415276237607e+03
4.542852975880941053e-04 1.965864044802832950e+03
4.574358336861047026e-04 1.978849344214474741e+03
4.606082192204884337e-04 1.991918833691667260e+03
4.638026057203357890e-04 2.005073035566391582e+03
4.670191457656141468e-04 2.018312466885687172e+03
4.702579929944556716e-04 2.031637642803762901e+03
4.735193021104958447e-04 2.045049081098375609e+03
4.768032288902627905e-04 2.058547302231101639e+03
4.801099301906179930e-04 2.072132829356621642e+03
4.834395639562487292e-04 2.085806188331986505e+03
4.867922892272120018e-04 2.099567907939588622e+03
4.901682661465313817e-04 2.113418524491148219e+03
4.935676559678462165e-04 2.127358581914518254e+03
4.969906210631135860e-04 2.141388627338458264e+03
5.004373249303644680e-04 2.155509210909503054e+03
5.039079322015126497e-04 2.169720885805443686e+03
5.074026086502192055e-04 2.184024208248716150e+03
5.109215211998098831e-04 2.198419737521406660e+03
5.144648379312486515e-04 2.212908036091437680e+03
5.180327280911657846e-04 2.227489669712443629e+03
5.216253620999423231e-04 2.242165207264818946e+03
5.252429115598498304e-04 2.256935220750393000e+03
5.288855492632472868e-04 2.271800285306313071e+03
5.325534492008341444e-04 2.286760979218714965e+03
5.362467865699617128e-04 2.301817883934871134e+03
5.399657377830003810e-04 2.316971580031189205e+03
5.437104804757669036e-04 2.332222638454554726e+03
5.474811935160088256e-04 2.347571630424257819e+03
5.512780570119481032e-04 2.363019129862532282e+03
5.551012523208839235e-04 2.378565713400342247e+03
5.589509620578552622e-04 2.394211960383035603e+03
5.628273701043639415e-04 2.409958452875963303e+03
5.667306616171568839e-04 2.425805778136259960e+03
5.706610230370707084e-04 2.441754540859631561e+03
5.746186420979369335e-04 2.457805354314438318e+03
5.786037078355494136e-04 2.473958835118400202e+03
5.826164105966930322e-04 2.490215603245652801e+03
5.866569420482360383e-04 2.506576282041508421e+03
5.907254951862849412e-04 2.523041498237399537e+03
5.948222643454028312e-04 2.539611880953384571e+03
5.989474452078919929e-04 2.556288050570107316e+03
6.031012348131407040e-04 2.573070622539406031e+03
6.072838315670344355e-04 2.589960215056721609e+03
6.114954352514330796e-04 2.606957449204252498e+03
6.157362470337135549e-04 2.624062948956952823e+03
6.200064694763782235e-04 2.641277341188422270e+03
6.243063065467308525e-04 2.658601255854425290e+03
6.286359636266186050e-04 2.676035331134305125e+03
6.329956475222421174e-04 2.693580214378047003e+03
6.373855664740340999e-04 2.711236556500155530e+03
6.418059301666054813e-04 2.729005011662222842e+03
6.462569497387612690e-04 2.746886237283295941e+03
6.507388377935851469e-04 2.764880894050495954e+03
6.552518084085953059e-04 2.782989645901594031e+03
6.597960771459689035e-04 2.801213156213320417e+03
6.643718610628390579e-04 2.819552083761842368e+03
6.689793787216624221e-04 2.838007089383965194e+03
6.736188502006587499e-04 2.856578836899472208e+03
6.782904971043229956e-04 2.875267993116086018e+03
6.829945425740100535e-04 2.894075227834409816e+03
6.877312112985937672e-04 2.913001213852634010e+03
6.925007295251980367e-04 2.932046628026237158e+03
6.973033250700049054e-04 2.951212154180399466e+03
7.021392273291351786e-04 2.970498480200072663e+03
7.070086672896056966e-04 2.989906297142915264e+03
7.119118775403630427e-04 3.009436299246170620e+03
7.168490922833924963e-04 3.029089183933243476e+03
7.218205473449048303e-04 3.048865651820418407e+03
7.268264801866009548e-04 3.068766406341112997e+03
7.318671299170136481e-04 3.088792151404682954e+03
7.369427373029293011e-04 3.108943592871487908e+03
7.420535447808873988e-04 3.129221439702637781e+03
7.471997964687611014e-04 3.149626403968964041e+03
7.523817381774172957e-04 3.170159200855359813e+03
7.575996174224577462e-04 3.190820548665063598e+03
7.628536834360417776e-04 3.211611168511620690e+03
7.681441871787907062e-04 3.232531779968597675e+03
7.734713813517752126e-04 3.253583102022895673e+03
7.788355204085854397e-04 3.274765856479022204e+03
7.842368605674847901e-04 3.296080768048528171e+03
7.896756598236488343e-04 3.317528564350075612e+03
7.951521779614878103e-04 3.339109975909337209e+03
8.006666765670555344e-04 3.360825736259850601e+03
8.062194190405438552e-04 3.382676586031133866e+03
8.118106706088643867e-04 3.404663274479433312e+03
8.174406983383167595e-04 3.426786554416357376e+03
8.231097711473448018e-04 3.449047181830763293e+03
8.288181598193822752e-04 3.471445915891927143e+03
8.345661370157855634e-04 3.493983518952522900e+03
8.403539772888590602e-04 3.516660756530604431e+03
8.461819570949675106e-04 3.539478391399449265e+03
8.520503548077419187e-04 3.562437175240417218e+03
8.579594507313756608e-04 3.585537860349382754e+03
8.639095271140135148e-04 3.608781201634209538e+03
8.699008681612332809e-04 3.632167956607933775e+03
8.759337600496204263e-04 3.655698885381921627e+03
8.820084909404378145e-04 3.679374750658685571e+03
8.881253509933891097e-04 3.703196320878923416e+03
8.942846323804792179e-04 3.727164381138336921e+03
9.004866292999691609e-04 3.751279723427178396e+03
9.067316379904283123e-04 3.775543142848398020e+03
9.130199567448849711e-04 3.799955437617716143e+03
9.193518859250738619e-04 3.824517409063411833e+03
9.257277279757831654e-04 3.849229861626294678e+03
9.321477874393001035e-04 3.874093600308958230e+03
9.386123709699585463e-04 3.899109411262213598e+03
9.451217873487855001e-04 3.924278071954259758e+03
9.516763474982502680e-04 3.949600361945981149e+03
9.582763644971158514e-04 3.975077062960888270e+03
9.649221535953931336e-04 4.000708958869793605e+03
9.716140322293983882e-04 4.026496835674915928e+03
9.783523200369158464e-04 4.052441482146355611e+03
9.851373388724661909e-04 4.078543701536365461e+03
9.919694128226780490e-04 4.104804310597541189e+03
9.988488682217695324e-04 4.131224129163253565e+03
1.005776033667134728e-03 4.157803979760048605e+03
1.012751240035040341e-03 4.184544687599478493e+03
1.019774820496427729e-03 4.211447080569945683e+03
1.026847110532830287e-03 4.238511989091643045e+03
1.033968447952393621e-03 4.265740237966215318e+03
1.041139172906014546e-03 4.293132641505922948e+03
1.048359627903586340e-03 4.320690014992334909e+03
1.055630157830359352e-03 4.348413175750870323e+03
1.062951109963414589e-03 4.376302943131961911e+03
1.070322833988251359e-03 4.404360138492452279e+03
1.077745682015489401e-03 4.432585585175753295e+03
1.085220008597688338e-03 4.460980107991312252e+03
1.092746170746282906e-03 4.489544532274270750e+03
1.100324527948634210e-03 4.518279684992402508e+03
1.107955442185202394e-03 4.547186394964402098e+03
1.115639277946836204e-03 4.576265492838017963e+03
1.123376402252182016e-03 4.605517811067906223e+03
1.131167184665214957e-03 4.634944183893248919e+03
1.139011997312892096e-03 4.664545446278392774e+03
1.146911214902925557e-03 4.694322429422654750e+03
1.154865214741681396e-03 4.724275964270692384e+03
1.162874376752201858e-03 4.754406883241917967e+03
1.170939083492351235e-03 4.784716020203915832e+03
1.179059720173089663e-03 4.815204210444528144e+03
1.187236674676873330e-03 4.845872290643597808e+03
1.195470337576180027e-03 4.876721098747329052e+03
1.203761102152166307e-03 4.907751473022359278e+03
1.212109364413451731e-03 4.938964252408076391e+03
1.220515523115034504e-03 4.970360277066361959e+03
1.228979979777338307e-03 5.001940388358186283e+03
1.237503138705390747e-03 5.033705428812048012e+03
1.246085407008134518e-03 5.065656242092128196e+03
1.254727194617873652e-03 5.097793672774124389e+03
1.263428914309853339e-03 5.130118561771458189e+03
1.272190981721977015e-03 5.162631745982326720e+03
1.281013815374658750e-03 5.195334062827405432e+03
1.289897836690813123e-03 5.228226350435507811e+03
1.298843470015986247e-03 5.261309447605289279e+03
1.307851142638623201e-03 5.294584193766262615e+03
1.316921284810478130e-03 5.328051428857322207e+03
1.326054329767165085e-03 5.361711985458458003e+03
1.335250713748851537e-03 5.395566682023875728e+03
1.344510876021095007e-03 5.429616335375016206e+03
1.353835258895825849e-03 5.463861762146250840e+03
1.363224307752472280e-03 5.498303778734244588e+03
1.372678471059236328e-03 5.532943201246621356e+03
1.382198200394512896e-03 5.567780845451374262e+03
1.391783950468460183e-03 5.602817532785002186e+03
1.401436179144719503e-03 5.638054104576718601e+03
1.411155347462283863e-03 5.673491406514475784e+03
1.420941919657520928e-03 5.709130284509160447e+03
1.430796363186346469e-03 5.744971584650778823e+03
1.440719148746552212e-03 5.781016153163996023e+03
1.450710750300289583e-03 5.817264836363597169e+03
1.460771645096707204e-03 5.853718473954224464e+03
1.470902313694748623e-03 5.890377863463456379e+03
1.481103239986104013e-03 5.927243784794052772e+03
1.491374911218325576e-03 5.964317016071476246e+03
1.501717818018098206e-03 6.001598333608159010e+03
1.512132454414677561e-03 6.039088511832132099e+03
1.522619317863484461e-03 6.076788323215534547e+03
1.533178909269866923e-03 6.114698540715718991e+03
1.543811733013027198e-03 6.152819967664410797e+03
1.554518296970111438e-03 6.191153428661983526e+03
1.565299112540469162e-03 6.229699747957927684e+03
1.576154694670080974e-03 6.268459748952402151e+03
1.587085561876154559e-03 6.307434254140494886e+03
1.598092236271890900e-03 6.346624085055707837e+03
1.609175243591424173e-03 6.386030061168296925e+03
1.620335113214932312e-03 6.425652966148712949e+03
1.631572378193924715e-03 6.465493539586143015e+03
1.642887575276701269e-03 6.505552515417342875e+03
1.654281244933991125e-03 6.545830624296711903e+03
1.665753931384768858e-03 6.586328593508602353e+03
1.677306182622248639e-03 6.627047146879424872e+03
1.688938550440058405e-03 6.667987004750290907e+03
1.700651590458597236e-03 6.709148894521957118e+03
1.712445862151574464e-03 6.750533563019756002e+03
1.724321928872732867e-03 6.792141757031780799e+03
1.736280357882756835e-03 6.833974220353017699e+03
1.748321720376368529e-03 6.876031693704366262e+03
1.760446591509609885e-03 6.918314914651909930e+03
1.772655550427315639e-03 6.960824617524727728e+03
1.784949180290776316e-03 7.003561523958568614e+03
1.797328068305592682e-03 7.046526314855107557e+03
1.809792805749723841e-03 7.089719657308818569e+03
1.822343988001728747e-03 7.133142213459923369e+03
1.834982214569205912e-03 7.176794640391014582e+03
1.847708089117428053e-03 7.220677590022652112e+03
1.860522219498176016e-03 7.264791709008159160e+03
1.873425217778773490e-03 7.309137641134015212e+03
1.886417700271321657e-03 7.353716043768054988e+03
1.899500287562138528e-03 7.398527577928953178e+03
1.912673604541400381e-03 7.443572899728265838e+03
1.925938280432988765e-03 7.488852660227721572e+03
1.939294948824546970e-03 7.534367505338842420e+03
1.952744247697744007e-03 7.580118075722110007e+03
1.966286819458745033e-03 7.626105005003773840e+03
1.979923310968897520e-03 7.672328894149235566e+03
1.993654373575630152e-03 7.718790315834071407e+03
2.007480663143561619e-03 7.765489835199320623e+03
2.021402840085828861e-03 7.812428010347255622e+03
2.035421569395633873e-03 7.859605392219716123e+03
2.049537520678003898e-03 7.907022524476288709e+03
2.063751368181776687e-03 7.954679943461368566e+03
2.078063790831806944e-03 8.002578182206574638e+03
2.092475472261393077e-03 8.050717772141040768e+03
2.106987100844932934e-03 8.099099237610791533e+03
2.121599369730803319e-03 8.147723095319244749e+03
2.136312976874466755e-03 8.196589854203280993e+03
2.151128625071812434e-03 8.245700015309379523e+03
2.166047021992721817e-03 8.295054071637863672e+03
2.181068880214874061e-03 8.344652496354523464e+03
2.196194917257779117e-03 8.394495724630289260e+03
2.211425855617051971e-03 8.444584177694247046e+03
2.226762422798921927e-03 8.494918267145782011e+03
2.242205351354982154e-03 8.545498394812344486e+03
2.257755378917180797e-03 8.596324952606706574e+03
2.273413248233052339e-03 8.647398322383631239e+03
2.289179707201196602e-03 8.698718879334992380e+03
2.305055508907001040e-03 8.750287005055184636e+03
2.321041411658611529e-03 8.802103076026562121e+03
2.337138179023155130e-03 8.854167458693938897e+03
2.353346579863209616e-03 8.906480509324595914e+03
2.369667388373529297e-03 8.959042573867258398e+03
2.386101384118024561e-03 9.011853987811249681e+03
2.402649352066996841e-03 9.064915070748798826e+03
2.419312082634632929e-03 9.118226082831351960e+03
2.436090371716761235e-03 9.171787245925097523e+03
2.452985020728864780e-03 9.225598768721869419e+03
2.469996836644362207e-03 9.279660846815164405e+03
2.487126632033153338e-03 9.333973662533331662e+03
2.504375225100430574e-03 9.388537384771561847e+03
2.521743439725762214e-03 9.443352169659570791e+03
2.539232105502441626e-03 9.498418176845769267e+03
2.556842057777117001e-03 9.553735568753849293e+03
2.574574137689688690e-03 9.609304495136811965e+03
2.592429192213488009e-03 9.665125092297612355e+03
2.610408074195732717e-03 9.721197482927020246e+03
2.628511642398261797e-03 9.777521775941733722e+03
2.646740761538554729e-03 9.834098066099495554e+03
2.665096302331037420e-03 9.890926418476425170e+03
2.683579141528668298e-03 9.948006857876134745e+03
2.702190161964818007e-03 1.000533939132766500e+04
2.720930252595438800e-03 1.006292401024184073e+04
2.739800308541523628e-03 1.012076069023557466e+04
2.758801231131863610e-03 1.017884939095489062e+04
2.777933927946097357e-03 1.023719005589642984e+04
2.797199312858065622e-03 1.029578260948143725e+04
2.816598306079458672e-03 1.035462695137994888e+04
2.836131834203771580e-03 1.041372296281604395e+04
2.855800830250563964e-03 1.047307050786779473e+04
2.875606233710024159e-03 1.053266943328631532e+04
2.895548990587845217e-03 1.059251956831366806e+04
2.915630053450409681e-03 1.065262072450122105e+04
2.935850381470289649e-03 1.071297268990752491e+04
2.956210940472062988e-03 1.077357520287416992e+04
2.976712702978442666e-03 1.083442797166974015e+04
2.997356648256733081e-03 1.089553068503454779e+04
3.018143762365601678e-03 1.095688301199751731e+04
3.039075038202180157e-03 1.101848460168220117e+04
3.060151475549488780e-03 1.108033508311329751e+04
3.081374081124192872e-03 1.114243406612527724e+04
3.102743868624686322e-03 1.120478115245424488e+04
3.124261858779513786e-03 1.126737593123320585e+04
3.145929079396121621e-03 1.133021797131883977e+04
3.167746565409956198e-03 1.139330682098586840e+04
3.189715358933893543e-03 1.145664200773815355e+04
3.211836509308018100e-03 1.152022303812051541e+04
3.234111073149744092e-03 1.158404939619780635e+04
3.256540114404283398e-03 1.164812050843481302e+04
3.279124704395467750e-03 1.171243573919816845e+04
3.301865921876919168e-03 1.177699442740823361e+04
3.324764853083573418e-03 1.184179588831318142e+04
3.347822591783570795e-03 1.190683941328616856e+04
3.371040239330494719e-03 1.197212426962259997e+04
3.394418904715978957e-03 1.203764970028428979e+04
3.417959704622680010e-03 1.210341491750338537e+04
3.441663763477614216e-03 1.216941909666323227e+04
3.465532213505866533e-03 1.223566138649846471e+04
3.489566194784672701e-03 1.230214091022800858e+04
3.513766855297870920e-03 1.236885676535284802e+04
3.538135350990739923e-03 1.243580802345411394e+04
3.562672845825210887e-03 1.250299372999219486e+04
3.587380511835463158e-03 1.257041290569467674e+04
3.612259529183907674e-03 1.263806455040846959e+04
3.637311086217557242e-03 1.270594763865370805e+04
3.662536379524789290e-03 1.277406111821828199e+04
3.687936613992497201e-03 1.284240390996314818e+04
3.713513002863645402e-03 1.291097490762952839e+04
3.739266767795219101e-03 1.297977297764616924e+04
3.765199138916576049e-03 1.304879694700055188e+04
3.791311354888203360e-03 1.311804553460355055e+04
3.817604662960883289e-03 1.318751739654245284e+04
3.844080319035268842e-03 1.325721115807010028e+04
3.870739587721867912e-03 1.332712541349605453e+04
3.897583742401453718e-03 1.339725872598169008e+04
3.924614065285883351e-03 1.346760962733704218e+04
3.951831847479342179e-03 1.353817661960165606e+04
3.979238389040017608e-03 1.360895819785858475e+04
4.006834999042190905e-03 1.367995284395054659e+04
4.034622995638772677e-03 1.375115900892619356e+04
4.062603706124255122e-03 1.382257511244706802e+04
4.090778466998118770e-03 1.389419954260290979e+04
4.119148624028663372e-03 1.396603065572924243e+04
4.147715532317295881e-03 1.403806677482399573e+04
4.176480556363250385e-03 1.411030613866914791e+04
4.205445070128766873e-03 1.418274688622446956e+04
4.234610457104716688e-03 1.425538711721232903e+04
4.263978110376688557e-03 1.432822489614951701e+04
4.293549432691525641e-03 1.440125825216218072e+04
4.323325836524327496e-03 1.447448517880212057e+04
4.353308744145921276e-03 1.454790363380627787e+04
4.383499587690791767e-03 1.462151152545909463e+04
4.413899809225490210e-03 1.469530669511270025e+04
4.444510860817514966e-03 1.476928694276070382e+04
4.475334204604665758e-03 1.484345003097266999e+04
4.506371312864887110e-03 1.491779368472406713e+04
4.537623668086590567e-03 1.499231559122933504e+04
4.569092763039464371e-03 1.506701339977911812e+04
4.600780100845776668e-03 1.514188472432601884e+04
4.632687195052172247e-03 1.521692715215686439e+04
4.664815569701966265e-03 1.529213823547154061e+04
4.697166759407941927e-03 1.536751548827496481e+04
4.729742309425650354e-03 1.544305638623476443e+04
4.762543775727218730e-03 1.551875836654376326e+04
4.795572725075671928e-03 1.559461882778588915e+04
4.828830735099771954e-03 1.567063511966849728e+04
4.862319394369369122e-03 1.574680447095864474e+04
4.896040302471280602e-03 1.582312403001527127e+04
4.929995070085699781e-03 1.589959090327885679e+04
4.964185319063122576e-03 1.597620215539855963e+04
4.998612682501821051e-03 1.605295480911343657e+04
5.033278804825848732e-03 1.612984584513775371e+04
5.068185341863579337e-03 1.620687220217627328e+04
5.103333960926809305e-03 1.628403077885400853e+04
5.138726340890384207e-03 1.636131843334386940e+04
5.174364172272399344e-03 1.643873198152932309e+04
5.210249157314945055e-03 1.651626819686065937e+04
5.246383010065412342e-03 1.659392381027398005e+04
5.282767456458364874e-03 1.667169551011711519e+04
5.319404234397982593e-03 1.674957994055971722e+04
5.356295093841064760e-03 1.682757362200771968e+04
5.393441796880626277e-03 1.690567291018640753e+04
5.430846117830055199e-03 1.698387410447715592e+04
5.468509843307867851e-03 1.706217345743310943e+04
5.506434772323047684e-03 1.714056717472968376e+04
5.544622716360969594e-03 1.721905141512305636e+04
5.583075499469930536e-03 1.729762229059681704e+04
5.621794958348275140e-03 1.737627596492344310e+04
5.660782942432122412e-03 1.745500881961848063e+04
5.700041313983706531e-03 1.753381723899798453e+04
5.739571948180326524e-03 1.761269756770392996e+04
5.779376733203915248e-03 1.769164611072427215e+04
5.819457570331229394e-03 1.777065913341859414e+04
5.859816374024660532e-03 1.784973286155064852e+04
5.900455072023682787e-03 1.792886323986257048e+04
5.941375605436930232e-03 1.800804496381208446e+04
5.982579928834914386e-03 1.808727228842774275e+04
6.024070010343380958e-03 1.816653939711898056e+04
6.065847831737324926e-03 1.824584040182134049e+04
6.107915388535643114e-03 1.832516934304608367e+04
6.150274690096452918e-03 1.840452018994661194e+04
6.192927759713069344e-03 1.848388721262499894e+04
6.235876634710646460e-03 1.856326826425143736e+04
6.279123366543491909e-03 1.864266326411354021e+04
6.322670020893055368e-03 1.872207218807454410e+04
6.366518677766592679e-03 1.880149504568221528e+04
6.410671431596520406e-03 1.888093188032333637e+04
6.455130391340455596e-03 1.896038276937660703e+04
6.499897680581947709e-03 1.903984731614114935e+04
6.544975437631917435e-03 1.911931366496863120e+04
6.590365815630785939e-03 1.919875840220966347e+04
6.636070982651327485e-03 1.927815727429591425e+04
6.682093121802219413e-03 1.935748566685527476e+04
6.728434431332326777e-03 1.943671860558457047e+04
6.775097124735693886e-03 1.951583075743547306e+04
6.822083430857274824e-03 1.959479681182525383e+04
6.869395593999397774e-03 1.967362232362180657e+04
6.917035874028962250e-03 1.975236712351712049e+04
6.965006546485375330e-03 1.983109744775086438e+04
7.013309902689252896e-03 1.990988063039070767e+04
7.061948249851860739e-03 1.998878510410889794e+04
7.110923911185313730e-03 2.006788040328146963e+04
7.160239226013551291e-03 2.014723715269866443e+04
7.209896549884070062e-03 2.022688782365268708e+04
7.259898254680443273e-03 2.030674171570066392e+04
7.310246728735604257e-03 2.038668240099899049e+04
7.360944376945932274e-03 2.046659161981930083e+04
7.411993620886122430e-03 2.054634927906973462e+04
7.463396898924850101e-03 2.062583345777845534e+04
7.515156666341235060e-03 2.070492041972690276e+04
7.567275395442129605e-03 2.078350514487822147e+04
7.619755575680200316e-03 2.086160327324155878e+04
7.672599713772833806e-03 2.093927584687114359e+04
7.725810333821877748e-03 2.101658501824847554e+04
7.779389977434204156e-03 2.109359396995011411e+04
7.833341203843102729e-03 2.117036690445466593e+04
7.887666590030525948e-03 2.124696903586836197e+04
7.942368730850182454e-03 2.132346215766353635e+04
7.997450239151476098e-03 2.139985577795860809e+04
8.052913745904308890e-03 2.147612434908815703e+04
8.108761900324756508e-03 2.155224137360956956e+04
8.164997370001588622e-03 2.162818002223657459e+04
8.221622841023713824e-03 2.170391313590119171e+04
8.278641018108457220e-03 2.177941322814825980e+04
8.336054624730767845e-03 2.185465286488968559e+04
8.393866403253295166e-03 2.192961562768043950e+04
8.452079115057379785e-03 2.200429800438905659e+04
8.510695540674954873e-03 2.207869722581018505e+04
8.569718479921353133e-03 2.215281055272771846e+04
8.629150752029048771e-03 2.222663527613973201e+04
8.688995195782308473e-03 2.230016871747960613e+04
8.749254669652787794e-03 2.237340821281233730e+04
8.809932051936072983e-03 2.244634886584639389e+04
8.871030240889157814e-03 2.251898118931646241e+04
8.932552154868876257e-03 2.259129508309824450e+04
8.994500732471303120e-03 2.266328038422322425e+04
9.056878932672110527e-03 2.273492686815941852e+04
9.119689734967913186e-03 2.280622425012872554e+04
9.182936139518572960e-03 2.287716218646475318e+04
9.246621167290509577e-03 2.294773058974814194e+04
9.310747860200989726e-03 2.301792049298353231e+04
9.375319281263434432e-03 2.308772316648544438e+04
9.440338514733711758e-03 2.315712984851052533e+04
9.505808666257472075e-03 2.322613174647976120e+04
9.571732863018472121e-03 2.329472003822180341e+04
9.638114253887953772e-03 2.336288587324059699e+04
9.704956009575054984e-03 2.343062029646528754e+04
9.772261322778244205e-03 2.349791377327584996e+04
9.840033408337839002e-03 2.356475649725766561e+04
9.908275503389544700e-03 2.363113862824285752e+04
9.976990867519087633e-03 2.369705029482465034e+04
1.004618278291790311e-02 2.376248159594213575e+04
1.011585455453991624e-02 2.382742260249379979e+04
1.018600951025939484e-02 2.389186335234307990e+04
1.025665100102991431e-02 2.395579375917253856e+04
1.032778240104440665e-02 2.401920363591046771e+04
1.039940710789633883e-02 2.408208277031894249e+04
1.047152854274198755e-02 2.414442092874172158e+04
1.054415015046386052e-02 2.420620785793461255e+04
1.061727539983524024e-02 2.426743328692431533e+04
1.069090778368586396e-02 2.432808692553836954e+04
1.076505081906876417e-02 2.438815832978360049e+04
1.083970804742825748e-02 2.444763685477479521e+04
1.091488303476910622e-02 2.450651182933869859e+04
1.099057937182684741e-02 2.456477257109824131e+04
1.106680067423929624e-02 2.462240838859492578e+04
1.114355058271926033e-02 2.467940858344279332e+04
1.122083276322842840e-02 2.473576245152117554e+04
1.129865090715248196e-02 2.479145899945130805e+04
1.137700873147740738e-02 2.484648654766528853e+04
1.145590997896704655e-02 2.490083331053282745e+04
1.153535841834185671e-02 2.495448749767704430e+04
1.161535784445894351e-02 2.500743731661525453e+04
1.169591207849329968e-02 2.505967097543810814e+04
1.177702496812034483e-02 2.511117668552651230e+04
1.185870038769968986e-02 2.516194300848444618e+04
1.194094223846021464e-02 2.521196004616576829e+04
1.202375444868639641e-02 2.526121835091984394e+04
1.210714097390595129e-02 2.530970850689824874e+04
1.219110579707876826e-02 2.535742113221641557e+04
1.227565292878715283e-02 2.540434688114555320e+04
1.236078640742739945e-02 2.545047644631947696e+04
1.244651029940267717e-02 2.549579979592312884e+04
1.253282869931727182e-02 2.554030035830109045e+04
1.261974573017215183e-02 2.558395820343162632e+04
1.270726554356191480e-02 2.562675335192013881e+04
1.279539231987308380e-02 2.566866580736775722e+04
1.288413026848378266e-02 2.570967556244270600e+04
1.297348362796479915e-02 2.574976260508427731e+04
1.306345666628204102e-02 2.578890794889433892e+04
1.315405368100039385e-02 2.582711208228681426e+04
1.324527899948899079e-02 2.586439306253135510e+04
1.333713697912792054e-02 2.590076979232420490e+04
1.342963200751634729e-02 2.593626140016929639e+04
1.352276850268208444e-02 2.597088723311547437e+04
1.361655091329263059e-02 2.600466684961563078e+04
1.371098371886765588e-02 2.603761911702678481e+04
1.380607142999295753e-02 2.606970841216676490e+04
1.390181858853592467e-02 2.610081365991016355e+04
1.399822976786246724e-02 2.613080591342176558e+04
1.409530957305546971e-02 2.615955578270114711e+04
1.419306264113475401e-02 2.618693349202076570e+04
1.429149364127855516e-02 2.621280894373748743e+04
1.439060727504656682e-02 2.623705187266220673e+04
1.449040827660448387e-02 2.625960076544990807e+04
1.459090141295015658e-02 2.628058787913932611e+04
1.469209148414126788e-02 2.630017995485324354e+04
1.479398332352461348e-02 2.631854448309722648e+04
1.489658179796697277e-02 2.633584961949562421e+04
1.499989180808756692e-02 2.635226411119445038e+04
1.510391828849214080e-02 2.636795723401459691e+04
1.520866620800866501e-02 2.638306240870781403e+04
1.531414056992466861e-02 2.639752147999995941e+04
1.542034641222622335e-02 2.641121306806776556e+04
1.552728880783858963e-02 2.642401556615841764e+04
1.563497286486851406e-02 2.643580721641782293e+04
1.574340372684822006e-02 2.644646615342585937e+04
1.585258657298110191e-02 2.645587045332603520e+04
1.596252661838908765e-02 2.646390610317802930e+04
1.607322911436176102e-02 2.647054193449369632e+04
1.618469934860717468e-02 2.647579629633645527e+04
1.629694264550442598e-02 2.647968842813444280e+04
1.640996436635796737e-02 2.648223779345409639e+04
1.652376990965370718e-02 2.648346406990624382e+04
1.663836471131684494e-02 2.648338713914441178e+04
1.675375424497152835e-02 2.648202634867728921e+04
1.686994402220231420e-02 2.647938322126870480e+04
1.698693959281740926e-02 2.647544072955370211e+04
1.710474654511376369e-02 2.647018117225459719e+04
1.722337050614401385e-02 2.646358705737228956e+04
1.734281714198521868e-02 2.645564111114366096e+04
1.746309215800953898e-02 2.644632628706228934e+04
1.758420129915674174e-02 2.643562581211845827e+04
1.770615035020859859e-02 2.642352676954042545e+04
1.782894513606521000e-02 2.641002306805180342e+04
1.795259152202321323e-02 2.639510955448404638e+04
1.807709541405596448e-02 2.637878131718066288e+04
1.820246275909561187e-02 2.636103368926557232e+04
1.832869954531717027e-02 2.634186225185432704e+04
1.845581180242453212e-02 2.632126283696499377e+04
1.858380560193849396e-02 2.629923027405170069e+04
1.871268705748673281e-02 2.627575547645500046e+04
1.884246232509586422e-02 2.625082877181309595e+04
1.897313760348545014e-02 2.622444077844161075e+04
1.910471913436409888e-02 2.619658241168685709e+04
1.923721320272759466e-02 2.616724489023519345e+04
1.937062613715910889e-02 2.613641974237829709e+04
1.950496431013146528e-02 2.610409968907498478e+04
1.964023413831154571e-02 2.607028329344396843e+04
1.977644208286676725e-02 2.603497155745042983e+04
1.991359464977370333e-02 2.599816577111733932e+04
2.005169839012884564e-02 2.595986750870947071e+04
2.019075990046150654e-02 2.592007862964791639e+04
2.033078582304891774e-02 2.587880127933552649e+04
2.047178284623348693e-02 2.583603759393373184e+04
2.061375770474227834e-02 2.579178618778551390e+04
2.075671718000868249e-02 2.574604334672656842e+04
2.090066810049633766e-02 2.569880564252981640e+04
2.104561734202529955e-02 2.565006999100398752e+04
2.119157182810045906e-02 2.559983365618336393e+04
2.133853853024222924e-02 2.554809425441394706e+04
2.148652446831957399e-02 2.549484981949561188e+04
2.163553671088527461e-02 2.544010077959939008e+04
2.178558237551359023e-02 2.538385036567777206e+04
2.193666862914021506e-02 2.532610228105824353e+04
2.208880268840459488e-02 2.526686055392457638e+04
2.224199181999465466e-02 2.520612953794567875e+04
2.239624334099388214e-02 2.514391391278701485e+04
2.255156461923082598e-02 2.508021868568084392e+04
2.270796307363101216e-02 2.501504939696942529e+04
2.286544617457132375e-02 2.494841235173592941e+04
2.302402144423683003e-02 2.488031423129279210e+04
2.318369645698005813e-02 2.481076203555809479e+04
2.334447883968279736e-02 2.473976308243292442e+04
2.350637627212040504e-02 2.466732500706076462e+04
2.366939648732861029e-02 2.459345576096251170e+04
2.383354727197291301e-02 2.451816403661873846e+04
2.399883646672047385e-02 2.444146051335865195e+04
2.416527196661466884e-02 2.436335656999135972e+04
2.433286172145215920e-02 2.428386386342579499e+04
2.450161373616262933e-02 2.420299432578616688e+04
2.467153607119114411e-02 2.412076016142829758e+04
2.484263684288316038e-02 2.403717384385630066e+04
2.501492422387218209e-02 2.395224835980299031e+04
2.518840644347015989e-02 2.386599882231059382e+04
2.536309178806053430e-02 2.377844142487055433e+04
2.553898860149404759e-02 2.368959257625997634e+04
2.571610528548729652e-02 2.359946889092500714e+04
2.589445030002402587e-02 2.350808718378850972e+04
2.607403216375922192e-02 2.341546446500857928e+04
2.625485945442601957e-02 2.332161805245939468e+04
2.643694080924539891e-02 2.322656734389284247e+04
2.662028492533875454e-02 2.313033341326149457e+04
2.680490056014332365e-02 2.303293749194532938e+04
2.699079653183045907e-02 2.293440091697274693e+04
2.717798171972684099e-02 2.283474512382709145e+04
2.736646506473861332e-02 2.273399163928160488e+04
2.755625556977842755e-02 2.263216212220207308e+04
2.774736230019547376e-02 2.252928055296979437e+04
2.793979438420847450e-02 2.242537409007642054e+04
2.813356101334173534e-02 2.232047008895498220e+04
2.832867144286412009e-02 2.221459585189358768e+04
2.852513499223117630e-02 2.210777861876667521e+04
2.872296104553025489e-02 2.200004555793984400e+04
2.892215905192875580e-02 2.189142375934760275e+04
2.912273852612544400e-02 2.178194100601774699e+04
2.932470904880495055e-02 2.167162692603001415e+04
2.952808026709537528e-02 2.156051128668507590e+04
2.973286189502908489e-02 2.144862367736181477e+04
2.993906371400670632e-02 2.133599350049095301e+04
3.014669557326432603e-02 2.122264996279075422e+04
3.035576739034396773e-02 2.110862206676435380e+04
3.056628915156725870e-02 2.099393977709054889e+04
3.077827091251247177e-02 2.087863830995566968e+04
3.099172279849479739e-02 2.076275411208939113e+04
3.120665500505000189e-02 2.064632320882086788e+04
3.142307779842140603e-02 2.052938119469797311e+04
3.164100151605025307e-02 2.041196322483484619e+04
3.186043656706947363e-02 2.029410400676207792e+04
3.208139343280089206e-02 2.017583815891983249e+04
3.230388266725586072e-02 2.005720316816771810e+04
3.252791489763934979e-02 1.993823774861065249e+04
3.275350082485760372e-02 1.981898002494588582e+04
3.298065122402922544e-02 1.969946750862149202e+04
3.320937694499987575e-02 1.957973709208643413e+04
3.343968891286050460e-02 1.945982504367237925e+04
3.367159812846919065e-02 1.933976716790241699e+04
3.390511566897660284e-02 1.921960202591422421e+04
3.414025268835509802e-02 1.909937063175026196e+04
3.437702041793148922e-02 1.897911331489564691e+04
3.461543016692350538e-02 1.885886959200198180e+04
3.485549332297999126e-02 1.873867816560907522e+04
3.509722135272482640e-02 1.861857692364580362e+04
3.534062580230463990e-02 1.849860296985662353e+04
3.558571829794027891e-02 1.837879471649570405e+04
3.583251054648219774e-02 1.825919317678270818e+04
3.608101433596956620e-02 1.813983872910828723e+04
3.633124153619338159e-02 1.802077079160537323e+04
3.658320409926339722e-02 1.790202782698572992e+04
3.683691406017902681e-02 1.778364734820801459e+04
3.709238353740419714e-02 1.766566592576315452e+04
3.734962473344617673e-02 1.754812028162405841e+04
3.760864993543843599e-02 1.743104939431015009e+04
3.786947151572757353e-02 1.731449179913351691e+04
3.813210193246419771e-02 1.719848499216297205e+04
3.839655373019809637e-02 1.708306544192711590e+04
3.866283954047734783e-02 1.696826860190716616e+04
3.893097208245168556e-02 1.685412892378085598e+04
3.920096416348007456e-02 1.674068023665236251e+04
3.947282867974238191e-02 1.662795742208867887e+04
3.974657861685541860e-02 1.651599504382606028e+04
4.002222705049317264e-02 1.640482664191007643e+04
4.029978714701138581e-02 1.629448474998020538e+04
4.057927216407642562e-02 1.618500091393321600e+04
4.086069545129854264e-02 1.607640571119088054e+04
4.114407045086954096e-02 1.596872874677480468e+04
4.142941069820479938e-02 1.586199843323544701e+04
4.171672982258982365e-02 1.575624211805461528e+04
4.200604154783124655e-02 1.565148627195984955e+04
4.229735969291234521e-02 1.554775651298452249e+04
4.259069817265308255e-02 1.544507762829225976e+04
4.288607099837479092e-02 1.534347359635489011e+04
4.318349227856936590e-02 1.524296754682529536e+04
4.348297621957323417e-02 1.514358014977838320e+04
4.378453712624584548e-02 1.504532953194099719e+04
4.408818940265299413e-02 1.494823310139341083e+04
4.439394755275481025e-02 1.485230766435181249e+04
4.470182618109853900e-02 1.475756944592350010e+04
4.501183999351614229e-02 1.466403411096704804e+04
4.532400379782669519e-02 1.457171676078834025e+04
4.563833250454371604e-02 1.448062915636179059e+04
4.595484112758735362e-02 1.439077723345760933e+04
4.627354478500152191e-02 1.430216604327307141e+04
4.659445869967600296e-02 1.421480039095598295e+04
4.691759820007361526e-02 1.412868484897505368e+04
4.724297872096231560e-02 1.404382377041827203e+04
4.757061580415247737e-02 1.396022130208195085e+04
4.790052509923926199e-02 1.387787924196040694e+04
4.823272236435008353e-02 1.379679169280645328e+04
4.856722346689729825e-02 1.371695115503345551e+04
4.890404438433616774e-02 1.363835022779218889e+04
4.924320120492793607e-02 1.356098161152038119e+04
4.958471012850837467e-02 1.348483811046017217e+04
4.992858746726148295e-02 1.340991263514326783e+04
5.027484964649871907e-02 1.333619593640781204e+04
5.062351320544349054e-02 1.326366377663212370e+04
5.097459479802120969e-02 1.319228620277362097e+04
5.132811119365470603e-02 1.312203384875529446e+04
5.168407927806525221e-02 1.305287793727729513e+04
5.204251605407914788e-02 1.298479026268785856e+04
5.240343864243977856e-02 1.291774317442746542e+04
5.276686428262545442e-02 1.285170983001475179e+04
5.313281033367281414e-02 1.278666762895031206e+04
5.350129427500602275e-02 1.272259711534066082e+04
5.387233370727162463e-02 1.265947925878350725e+04
5.424594635317928071e-02 1.259729538186276477e+04
5.462215005834827886e-02 1.253602715126502335e+04
5.500096279215991452e-02 1.247565656913505882e+04
5.538240264861583884e-02 1.241616542707804547e+04
5.576648784720228402e-02 1.235751588251515568e+04
5.615323673376031860e-02 1.229964544748931803e+04
5.654266778136216726e-02 1.224249113882719757e+04
5.693479959119354672e-02 1.218599111337911381e+04
5.732965089344215642e-02 1.213008463599054448e+04
5.772724054819234479e-02 1.207471205052588630e+04
5.812758754632594421e-02 1.201981471550440074e+04
5.853071101042937874e-02 1.196532643707321040e+04
5.893663019570705847e-02 1.191116287874064074e+04
5.934536449090109522e-02 1.185723856026426802e+04
5.975693341921738816e-02 1.180346952509990479e+04
6.017135663925821110e-02 1.174977332653440862e+04
6.058865394596115589e-02 1.169606901965775069e+04
6.100884527154463305e-02 1.164227715898801216e+04
6.143195068645996432e-02 1.158832019760968251e+04
6.185799040035005331e-02 1.153412374705271031e+04
6.228698476301463421e-02 1.147961533662959664e+04
6.271895426538239005e-02 1.142472399066959770e+04
6.315391954048960033e-02 1.136938025051196928e+04
6.359190136446572772e-02 1.131351620074292623e+04
6.403292065752579088e-02 1.125706549948740758e+04
6.447699848496961372e-02 1.119996344859834244e+04
6.492415605818796509e-02 1.114214728453597127e+04
6.537441473567583150e-02 1.108355606330232513e+04
6.582779602405250396e-02 1.102413056306765975e+04
6.628432157908885347e-02 1.096381333044160056e+04
6.674401320674178129e-02 1.090254873044480337e+04
6.720689286419571917e-02 1.084028299902484650e+04
6.767298266091145709e-02 1.077696461813736278e+04
6.814230485968215956e-02 1.071254963604539807e+04
6.861488187769679281e-02 1.064700073961398084e+04
6.909073628761086550e-02 1.058028259812816941e+04
6.956989081862458013e-02 1.051236175736874975e+04
7.005236835756856184e-02 1.044320668884772203e+04
7.053819194999698394e-02 1.037278783911514074e+04
7.102738480128834020e-02 1.030107784756826368e+04
7.151997027775396087e-02 1.022806041313442438e+04
7.201597190775392565e-02 1.015373435363240242e+04
7.251541338282102567e-02 1.007810105041284078e+04
7.301831855879238609e-02 1.000116336368822704e+04
7.352471145694886023e-02 9.922925646319463340e+03
7.403461626516251448e-02 9.843393755986851829e+03
7.454805733905182918e-02 9.762575072773894135e+03
7.506505920314518465e-02 9.680482456985697354e+03
7.558564655205218807e-02 9.597140613364112141e+03
7.610984425164322997e-02 9.512576978575447356e+03
7.663767734023724243e-02 9.426819938295866450e+03
7.716917102979756193e-02 9.339898808484393157e+03
7.770435070713632708e-02 9.251843815362160967e+03
7.824324193512689762e-02 9.162686074110271875e+03
7.878587045392503041e-02 9.072462627288998192e+03
7.933226218219825709e-02 8.981236195398163545e+03
7.988244321836396322e-02 8.889076805202670585e+03
8.043643984183589113e-02 8.796053685692244471e+03
8.099427851427944136e-02 8.702235203589425510e+03
8.155598588087560608e-02 8.607688804660416281e+03
8.212158877159367321e-02 8.512480958226757139e+03
8.269111420247275690e-02 8.416680000104661303e+03
8.326458937691220974e-02 8.320381158642163427e+03
8.384204168697101389e-02 8.223692856456082154e+03
8.442349871467615119e-02 8.126720330267548889e+03
8.500898823334004928e-02 8.029565392600462474e+03
8.559853820888721487e-02 7.932326392361399485e+03
8.619217680118998470e-02 7.835098186789115971e+03
8.678993236541361622e-02 7.737973158510307258e+03
8.739183345337059317e-02 7.641063300106159659e+03
8.799790881488454841e-02 7.544498581936398296e+03
8.860818739916336007e-02 7.448404066465201140e+03
8.922269835618198974e-02 7.352898952416554494e+03
8.984147103807482715e-02 7.258096650542593125e+03
9.046453500053762420e-02 7.164104877557973850e+03
9.109192000423933788e-02 7.071026361996889136e+03
9.172365601624356268e-02 6.978976271300365624e+03
9.235977321143994112e-02 6.888084008418461053e+03
9.300030197398544141e-02 6.798472943434391709e+03
9.364527289875571037e-02 6.710259461855369409e+03
9.429471679280639063e-02 6.623553227905379572e+03
9.494866467684465183e-02 6.538457465948742538e+03
9.560714778671088043e-02 6.455069257903739526e+03
9.627019757487061125e-02 6.373479842650296632e+03
9.693784571191697841e-02 6.293768934911257020e+03
9.761012408808335261e-02 6.215995782658089411e+03
9.828706481476660872e-02 6.140213347120447906e+03
9.896870022606095441e-02 6.066471195946294756e+03
9.965506288030233362e-02 5.994815775524549281e+03
1.003461855616235993e-01 5.925290684964507818e+03
1.010421012815204411e-01 5.857936951298159329e+03
1.017428432804281802e-01 5.792793041417302447e+03
1.024484450293094984e-01 5.729874005852102528e+03
1.031589402312531878e-01 5.669157480827633663e+03
1.038743628230839461e-01 5.610618384440886075e+03
1.045947469769834270e-01 5.554232702642038021e+03
1.053201271021224766e-01 5.499977522402688919e+03
1.060505378463045684e-01 5.447831064799630440e+03
1.067860140976209238e-01 5.397772718162254023e+03
1.075265909861168323e-01 5.349773896517056528e+03
1.082723038854696701e-01 5.303749651081591765e+03
1.090231884146785624e-01 5.259595981938820842e+03
1.097792804397656058e-01 5.217212828554009320e+03
1.105406160754892203e-01 5.176503856592576994e+03
1.113072316870689082e-01 5.137376208743478855e+03
1.120791638919225036e-01 5.099740272791307689e+03
1.128564495614149815e-01 5.063505432071006908e+03
1.136391258226197715e-01 5.028550915925732625e+03
1.144272300600920472e-01 4.994743379104038468e+03
1.152207999176544789e-01 4.961953167314887651e+03
1.160198733001951837e-01 4.930054176675447707e+03
1.168244883754783608e-01 4.898923629568430442e+03
1.176346835759673193e-01 4.868441881649328934e+03
1.184504976006601901e-01 4.838485257454809471e+03
1.192719694169384614e-01 4.808906464173907807e+03
1.200991382624281706e-01 4.779555424876800316e+03
1.209320436468740989e-01 4.750285671242639182e+03
1.217707253540270540e-01 4.720954296390137642e+03
1.226152234435440441e-01 4.691421951509778410e+03
1.234655782529017476e-01 4.661552752781013623e+03
1.243218303993232215e-01 4.631212237770996580e+03
1.251840207817180584e-01 4.600267907060240759e+03
1.260521905826358091e-01 4.568591266447502676e+03
1.269263812702331740e-01 4.536058082617957552e+03
1.278066346002546538e-01 4.502548612042920468e+03
1.286929926180271355e-01 4.467948289725892209e+03
1.295854976604679798e-01 4.432165101933732331e+03
1.304841923581074037e-01 4.395134951870400073e+03
1.313891196371247683e-01 4.356799559566486096e+03
1.323003227213987720e-01 4.317105027344777227e+03
1.332178451345721604e-01 4.276002055692113572e+03
1.341417307021306737e-01 4.233447736573080874e+03
1.350720235534962343e-01 4.189445984429044984e+03
1.360087681241349267e-01 4.144049035920380447e+03
1.369520091576793830e-01 4.097312727682365221e+03
1.379017917080659905e-01 4.049294051757202396e+03
1.388581611416868367e-01 4.000051040615681359e+03
1.398211631395567534e-01 3.949650112067457940e+03
1.407908436994951551e-01 3.898216295692291624e+03
1.417672491383232258e-01 3.845899036662790422e+03
1.427504260940760938e-01 3.792843324596007733e+03
1.437404215282307163e-01 3.739189242043872127e+03
1.447372827279488072e-01 3.685072014617591321e+03
1.457410573083355865e-01 3.630642158942175683e+03
1.467517932147141269e-01 3.576077405842105236e+03
1.477695387249154391e-01 3.521549751475612993e+03
1.487943424515844604e-01 3.467222044046103292e+03
1.498262533445020861e-01 3.413248020549369812e+03
1.508653206929231605e-01 3.359778957772601643e+03
1.519115941279308990e-01 3.306980347822110616e+03
1.529651236248074364e-01 3.255012462783223327e+03
1.540259595054208897e-01 3.204025136909737284e+03
1.550941524406290739e-01 3.154158219247642592e+03
1.561697534526997333e-01 3.105539803390394809e+03
1.572528139177475359e-01 3.058278520551585189e+03
1.583433855681883051e-01 3.012472363240715367e+03
1.594415204952096821e-01 2.968212592204324665e+03
1.605472711512596073e-01 2.925584341294148089e+03
1.616606903525514005e-01 2.884657618483301576e+03
1.627818312815867974e-01 2.845463042268362187e+03
1.639107474896960015e-01 2.808021359955695061e+03
1.650474928995957213e-01 2.772352221132922750e+03
1.661921218079646934e-01 2.738474211884447413e+03
1.673446888880371630e-01 2.706376502924758370e+03
1.685052491922145179e-01 2.675997103129373500e+03
1.696738581546945179e-01 2.647272094883258887e+03
1.708505715941195380e-01 2.620141189707708236e+03
1.720354457162424078e-01 2.594542275784785488e+03
1.732285371166112919e-01 2.570356878547316683e+03
1.744299027832728333e-01 2.547433905106991915e+03
1.756396000994943085e-01 2.525627774612720259e+03
1.768576868465044361e-01 2.504798377269788944e+03
1.780842212062533902e-01 2.484796436460574569e+03
1.793192617641918007e-01 2.465446998526732841e+03
1.805628675120690974e-01 2.446576641904207918e+03
1.818150978507513116e-01 2.428017236929986666e+03
1.830760125930582516e-01 2.409605231492868370e+03
1.843456719666205779e-01 2.391179398645901983e+03
1.856241366167565299e-01 2.372582529580587561e+03
1.869114676093686089e-01 2.353662426856947604e+03
1.882077264338604394e-01 2.334274563821737047e+03
1.895129750060738083e-01 2.314307328286271058e+03
1.908272756712461049e-01 2.293670868723493641e+03
1.921506912069881334e-01 2.272279953921843116e+03
1.934832848262829086e-01 2.250055633882214352e+03
1.948251201805047128e-01 2.226948544670033243e+03
1.961762613624596641e-01 2.202932518362381870e+03
1.975367729094470726e-01 2.177985419968628321e+03
1.989067198063418640e-01 2.152092355987758765e+03
2.002861674886989019e-01 2.125290185616370309e+03
2.016751818458782375e-01 2.097651326637974307e+03
2.030738292241924814e-01 2.069248235254365227e+03
2.044821764300757960e-01 2.040157297954695878e+03
2.059002907332748988e-01 2.010494280577900781e+03
2.073282398700621865e-01 1.980391051339440310e+03
2.087660920464711467e-01 1.949974005951101617e+03
2.102139159415543079e-01 1.919375355468092721e+03
2.116717807106636984e-01 1.888767325353521073e+03
2.131397559887538151e-01 1.858323969857565544e+03
2.146179118937080743e-01 1.828208568031715231e+03
2.161063190296878267e-01 1.798562580571940771e+03
2.176050484905046878e-01 1.769500330580233367e+03
2.191141718630165158e-01 1.741126853394691125e+03
2.206337612305466767e-01 1.713542219106248922e+03
2.221638891763270951e-01 1.686859068598723525e+03
2.237046287869650929e-01 1.661192470950371671e+03
2.252560536559346516e-01 1.636649807753627101e+03
2.268182378870913229e-01 1.613290416170153094e+03
2.283912560982120088e-01 1.591091762259375855e+03
2.299751834245588600e-01 1.570023897648699176e+03
2.315700955224684332e-01 1.550055400776665010e+03
2.331760685729650229e-01 1.531135984514401116e+03
2.347931792853998056e-01 1.513210081339167800e+03
2.364215049011146874e-01 1.496223563454736677e+03
2.380611231971316299e-01 1.480092174915571150e+03
2.397121124898680677e-01 1.464704153181567108e+03
2.413745516388771939e-01 1.449951223328857850e+03
2.430485200506151133e-01 1.435715699084506468e+03
2.447340976822333647e-01 1.421858332390005671e+03
2.464313650453982818e-01 1.408242264760041508e+03
2.481404032101366119e-01 1.394735398404039415e+03
2.498612938087077240e-01 1.381209445803913695e+03
2.515941190395030169e-01 1.367540870668083244e+03
2.533389616709716408e-01 1.353617399366748714e+03
2.550959050455746113e-01 1.339359678610811898e+03
2.568650330837650708e-01 1.324700225267562701e+03
2.586464302879969979e-01 1.309582622072006188e+03
2.604401817467615343e-01 1.293991933284792367e+03
2.622463731386511232e-01 1.277927625887966542e+03
2.640650907364520128e-01 1.261397046161449225e+03
2.658964214112650715e-01 1.244440680886995551e+03
2.677404526366550797e-01 1.227108467397660434e+03
2.695972724928290543e-01 1.209456525952401535e+03
2.714669696708433833e-01 1.191569147262976912e+03
2.733496334768401592e-01 1.173534436682773276e+03
2.752453538363126007e-01 1.155442681896787462e+03
2.771542212984008935e-01 1.137397192246731947e+03
2.790763270402168983e-01 1.119498406095707196e+03
2.810117628711991111e-01 1.101846534552550565e+03
2.829606212374983776e-01 1.084545018500635024e+03
2.849229952263933052e-01 1.067690597242581589e+03
2.868989785707364848e-01 1.051356860596084289e+03
2.888886656534319086e-01 1.035598033004818944e+03
2.908921515119430867e-01 1.020459771094042367e+03
2.929095318428322492e-01 1.005955832767054630e+03
2.949409030063317450e-01 9.920876352894614456e+02
2.969863620309463603e-01 9.788430166086995996e+02
2.990460066180880006e-01 9.661796414699110755e+02
3.011199351467424012e-01 9.540521199447423442e+02
3.032082466781682584e-01 9.424024082600077463e+02
3.053110409606286657e-01 9.311631278217304271e+02
3.074284184341559700e-01 9.202660821104025217e+02
3.095604802353488783e-01 9.096324009292221717e+02
3.117073282022035929e-01 8.991833482375876656e+02
3.138690648789778659e-01 8.888416551311462399e+02
3.160457935210891356e-01 8.785314730100802763e+02
3.182376181000466375e-01 8.681823645369904625e+02
3.204446433084173207e-01 8.577348602202657730e+02
3.226669745648269028e-01 8.471356979268765599e+02
3.249047180189945649e-01 8.363559285120328468e+02
3.271579805568038402e-01 8.253856539014814189e+02
3.294268698054078071e-01 8.142273354074998224e+02
3.317114941383697002e-01 8.029084812423972153e+02
3.340119626808396025e-01 7.914614488472926723e+02
3.363283853147666647e-01 7.799324874064367350e+02
3.386608726841478512e-01 7.683720756086529491e+02
3.410095362003126018e-01 7.568344488753979249e+02
3.433744880472444083e-01 7.453768613112086996e+02
3.457558411869395831e-01 7.340530506711338603e+02
3.481537093648025549e-01 7.229126549366532117e+02
3.505682071150790224e-01 7.120021855604450138e+02
3.529994497663266895e-01 7.013654356013905726e+02
3.554475534469241360e-01 6.910414391919546233e+02
3.579126350906172704e-01 6.810507416237993539e+02
3.603948124421051391e-01 6.714038496414104884e+02
3.628942040626637056e-01 6.620937887089336300e+02
3.654109293358089872e-01 6.531007091204734252e+02
3.679451084729993271e-01 6.443938765497398435e+02
3.704968625193777454e-01 6.359311940539042780e+02
3.730663133595529812e-01 6.276702635505524768e+02
3.756535837234217801e-01 6.195682061918942054e+02
3.782587971920311487e-01 6.115843246391489174e+02
3.808820782034807451e-01 6.036805030466541666e+02
3.835235520588671787e-01 5.958219459314633468e+02
3.861833449282685571e-01 5.879786252043400054e+02
3.888615838567716088e-01 5.801243683725202800e+02
3.915583967705392188e-01 5.722388693697682811e+02
3.942739124829215958e-01 5.643103871203395556e+02
3.970082607006084063e-01 5.563437162110645886e+02
3.997615720298246522e-01 5.483521566074476823e+02
4.025339779825689579e-01 5.403620659844436886e+02
4.053256109828951015e-01 5.324025092709796354e+02
4.081366043732373994e-01 5.245051602818871288e+02
4.109670924207798892e-01 5.166988687168454817e+02
4.138172103238693111e-01 5.090085126769674844e+02
4.166870942184732196e-01 5.014546174907056297e+02
4.195768811846822821e-01 4.940533996091837707e+02
4.224867092532578194e-01 4.868190169473494393e+02
4.254167174122254202e-01 4.797632405387836343e+02
4.283670456135128535e-01 4.728900983358545886e+02
4.313378347796354984e-01 4.661972687821982504e+02
4.343292268104275711e-01 4.596703921435599796e+02
4.373413645898192592e-01 4.532895139390330996e+02
4.403743919926624284e-01 4.470287805848002449e+02
4.434284538916023477e-01 4.408637706033019299e+02
4.465036961639974877e-01 4.347735036288001993e+02
4.496002656988877799e-01 4.287419532041059824e+02
4.527183104040102268e-01 4.227571898614457950e+02
4.558579792128640840e-01 4.168101015300404697e+02
4.590194220918245582e-01 4.108932505301148126e+02
4.622027900473059114e-01 4.050007532128763614e+02
4.654082351329745793e-01 3.991320436593099998e+02
4.686359104570114176e-01 3.932930274550055856e+02
4.718859701894256853e-01 3.874971738790741824e+02
4.751585695694183764e-01 3.817612064689371323e+02
4.784538649127972332e-01 3.761018476575040950e+02
4.817720136194438285e-01 3.705312719745925847e+02
4.851131741808308306e-01 3.650564783480330675e+02
4.884775061875933355e-01 3.596805591782954821e+02
4.918651703371507700e-01 3.544052304060703591e+02
4.952763284413833622e-01 3.492320967911777529e+02
4.987111434343606819e-01 3.441617515412013404e+02
5.021697793801244147e-01 3.391918295569810198e+02
5.056524014805244827e-01 3.343133093607178239e+02
5.091591760831104541e-01 3.295132195684343515e+02
5.126902706890770212e-01 3.247773626159810760e+02
5.162458539612639896e-01 3.200952500520680815e+02
5.198260957322139442e-01 3.154615141241101810e+02
5.234311670122825388e-01 3.108749390624520288e+02
5.270612399978082951e-01 3.063351021455416117e+02
5.307164880793364681e-01 3.018403944414757802e+02
5.343970858499018650e-01 2.973887503191114661e+02
5.381032091133678419e-01 2.929807179755387097e+02
5.418350348928236970e-01 2.886216489582311056e+02
5.455927414390402408e-01 2.843201836546432446e+02
5.493765082389837628e-01 2.800848546240194423e+02
5.531865160243893964e-01 2.759192073684537263e+02
5.570229467803938794e-01 2.718224886347327356e+02
5.608859837542276017e-01 2.677916621570542475e+02
5.647758114639681581e-01 2.638253301365666630e+02
5.686926157073531884e-01 2.599240490729210933e+02
5.726365835706553886e-01 2.560879448246374750e+02
5.766079034376184742e-01 2.523128749936843462e+02
5.806067649984554269e-01 2.485912869964090532e+02
5.846333592589094685e-01 2.449160715304992948e+02
5.886878785493762090e-01 2.412835869158125774e+02
5.927705165340921845e-01 2.376948721566154745e+02
5.968814682203833488e-01 2.341521356366307600e+02
6.010209299679809547e-01 2.306553286430143714e+02
6.051890994984000516e-01 2.272021507946813301e+02
6.093861759043837090e-01 2.237912971886386515e+02
6.136123596594129648e-01 2.204253158457210304e+02
6.178678526272820548e-01 2.171090953609924554e+02
6.221528580717408108e-01 2.138458219419698310e+02
6.264675806662034496e-01 2.106345448085960186e+02
6.308122265035245313e-01 2.074723566849457086e+02
6.351870031058433064e-01 2.043574202880957387e+02
6.395921194344958982e-01 2.012884247993522422e+02
6.440277858999966520e-01 1.982641069218038012e+02
6.484942143720876517e-01 1.952832487669266470e+02
6.529916181898595129e-01 1.923446764218796829e+02
6.575202121719410098e-01 1.894473510009247832e+02
6.620802126267600896e-01 1.865906674022600100e+02
6.666718373628757188e-01 1.837741382377829211e+02
6.712953056993818945e-01 1.809972800004230749e+02
6.759508384763827094e-01 1.782596130775411609e+02
6.806386580655418017e-01 1.755606617655828074e+02
6.853589883807027494e-01 1.728999542833248029e+02
6.901120548885854022e-01 1.702770227837456218e+02
6.948980846195546013e-01 1.676914033645538495e+02
6.997173061784645043e-01 1.651426360774015052e+02
7.045699497555780733e-01 1.626302649358094357e+02
7.094562471375620571e-01 1.601538379218444845e+02
7.143764317185579138e-01 1.577129069915667117e+02
7.193307385113303365e-01 1.553070280792834694e+02
7.243194041584926079e-01 1.529357611006371087e+02
7.293426669438094478e-01 1.505986699545504450e+02
7.344007668035793523e-01 1.482953225240675295e+02
7.394939453380940941e-01 1.460252906761091083e+02
7.446224458231800458e-01 1.437881502601759962e+02
7.497865132218174411e-01 1.415834811060195193e+02
7.549863941958407931e-01 1.394108670203194151e+02
7.602223371177215805e-01 1.372698957823840260e+02
7.654945920824310912e-01 1.351601591389031398e+02
7.708034109193866446e-01 1.330812527977789159e+02
7.761490472044797473e-01 1.310327764210648240e+02
7.815317562721887379e-01 1.290143336170266366e+02
7.869517952277741424e-01 1.270255319313676949e+02
7.924094229595600725e-01 1.250659828376224283e+02
7.979049001512993344e-01 1.231353017267644674e+02
8.034384892946255796e-01 1.212331078960284287e+02
8.090104547015910530e-01 1.193590245369948803e+02
8.146210625172910502e-01 1.175126772118315870e+02
8.202705807325769705e-01 1.156936819315015441e+02
8.259592791968564107e-01 1.139016523956460816e+02
8.316874296309829662e-01 1.121362074108901936e+02
8.374553056402345153e-01 1.103969708949570929e+02
8.432631827273824321e-01 1.086835718121000838e+02
8.491113383058508379e-01 1.069956441092999881e+02
8.550000517129668909e-01 1.053328266532139423e+02
8.609296042233038904e-01 1.036947631678730488e+02
8.669002790621159749e-01 1.020811021731122565e+02
8.729123614188669666e-01 1.004914969237334645e+02
8.789661384608512540e-01 9.892560534938692740e+01
8.850618993469119289e-01 9.738308999516698350e+01
8.911999352412512954e-01 9.586361796291369330e+01
8.973805393273385222e-01 9.436686085321143480e+01
9.036040068219137744e-01 9.289249470807698117e+01
9.098706349890899325e-01 9.144019995433089321e+01
9.161807231545495700e-01 9.000966134764185256e+01
9.225345727198442924e-01 8.860056791724451841e+01
9.289324871767900005e-01 8.721261291130645077e+01
9.353747721219630717e-01 8.584549374295990276e+01
9.418617352712982393e-01 8.449891193697131087e+01
9.483936864747856132e-01 8.317257307705096991e+01
9.549709377312710634e-01 8.186618675379679644e+01
9.615938032033591876e-01 8.057946651325869425e+01
9.682625992324184194e-01 7.931212980612254171e+01
9.749776443536922743e-01 7.806389793750489048e+01
9.817392593115130683e-01 7.683449601735098611e+01
9.885477670746227741e-01 7.562365291142930346e+01
9.954034928515997915e-01 7.443110119291799265e+01
1.002306764106392745e+00 7.325657709457368583e+01
1.009257910573960304e+00 7.209982046154607360e+01
1.016257264276023475e+00 7.096057539685541826e+01
1.023305159536922249e+00 6.983859184098935202e+01
1.030401932999586156e+00 6.873362352013437260e+01
1.037547923641613634e+00 6.764542737325101029e+01
1.044743472791462624e+00 6.657376351589456931e+01
1.051988924144754867e+00 6.551839520433580333e+01
1.059284623780692769e+00 6.447908879998099962e+01
1.066630920178589292e+00 6.345561373409145034e+01
1.074028164234512639e+00 6.244774247280032142e+01
1.081476709278048398e+00 6.145525048242918587e+01
1.088976911089174715e+00 6.047791619510110195e+01
1.096529127915256918e+00 5.951552097464902857e+01
1.104133720488159165e+00 5.856784908282396884e+01
1.111791052041474881e+00 5.763468764579393167e+01
1.119501488327876215e+00 5.671582662094135685e+01
1.127265397636584954e+00 5.581105876395185561e+01
1.135083150810962449e+00 5.492017959619678180e+01
1.142955121266224783e+00 5.404298737240878125e+01
1.150881685007278055e+00 5.317928304864557987e+01
1.158863220646678016e+00 5.232887025054802166e+01
1.166900109422714493e+00 5.149155524188373079e+01
1.174992735217622597e+00 5.066714689338117239e+01
1.183141484575916502e+00 4.985545665185047426e+01
1.191346746722855121e+00 4.905629850958806060e+01
1.199608913583031677e+00 4.826948897407113748e+01
1.207928379799095620e+00 4.749484703793033447e+01
1.216305542750601099e+00 4.673219414920927761e+01
1.224740802572988452e+00 4.598135418190334889e+01
1.233234562176697580e+00 4.524215340677886843e+01
1.241787227266411664e+00 4.451442046247275641e+01
1.250399206360436333e+00 4.379798632686743076e+01
1.259070910810212052e+00 4.309268428199383294e+01
1.267802754819963296e+00 4.239834955797685012e+01
1.276595155466482279e+00 4.171481918381512344e+01
1.285448532719050796e+00 4.104193243112933231e+01
1.294363309459499511e+00 4.037953082416352402e+01
1.303339911502408022e+00 3.972745811073063038e+01
1.312378767615443698e+00 3.908556023349024144e+01
1.321480309539840414e+00 3.845368530155302267e+01
1.330644972011023164e+00 3.783168356241008468e+01
1.339873192779369893e+00 3.721940737418110245e+01
1.349165412631124106e+00 3.661671117818344356e+01
1.358522075409446916e+00 3.602345147181515728e+01
1.367943628035617420e+00 3.543948678174946565e+01
1.377430520530380953e+00 3.486467763744194315e+01
1.386983206035442784e+00 3.429888654493991140e+01
1.396602140835114136e+00 3.374197796099968372e+01
1.406287784378105421e+00 3.319381826750228015e+01
1.416040599299472014e+00 3.265427574616784767e+01
1.425861051442712357e+00 3.212322055356631267e+01
1.435749609882019051e+00 3.160052469641881956e+01
1.445706746944683596e+00 3.108606200719021473e+01
1.455732938233657681e+00 3.057970811996803207e+01
1.465828662650270342e+00 3.008134044662599749e+01
1.475994402417102114e+00 2.959083815326772893e+01
1.486230643101019488e+00 2.910808213695145241e+01
1.496537873636366811e+00 2.863295500268821669e+01
1.506916586348320930e+00 2.816534104071494227e+01
1.517367276976407275e+00 2.770512620403841453e+01
1.527890444698178696e+00 2.725219808624506257e+01
1.538486592153057719e+00 2.680644589957952206e+01
1.549156225466347347e+00 2.636776045328267770e+01
1.559899854273403719e+00 2.593603413219160814e+01
1.570717991743980635e+00 2.551116087653496933e+01
1.581611154606739955e+00 2.509303617068610137e+01
1.592579863173933852e+00 2.468155701790400869e+01
1.603624641366257597e+00 2.427662191293125105e+01
1.614746016737874212e+00 2.387813082178800883e+01
1.625944520501613422e+00 2.348598516192289054e+01
1.637220687554344245e+00 2.310008778260608509e+01
1.648575056502526115e+00 2.272034294556006628e+01
1.660008169687933188e+00 2.234665630582703599e+01
1.671520573213562066e+00 2.197893489286930802e+01
1.683112816969713155e+00 2.161708709190137156e+01
1.694785454660258317e+00 2.126102262545036226e+01
1.706539043829089497e+00 2.091065253514342359e+01
1.718374145886746307e+00 2.056588916371905640e+01
1.730291326137235242e+00 2.022664613726004390e+01
1.742291153805030079e+00 1.989283834764586345e+01
1.754374202062261023e+00 1.956438193522296842e+01
1.766541048056091245e+00 1.924119427168879781e+01
1.778792272936286611e+00 1.892319394318937142e+01
1.791128461882972811e+00 1.861030073362708492e+01
1.803550204134585666e+00 1.830243560817632087e+01
1.816058093016018393e+00 1.799952069700569979e+01
1.828652725966960046e+00 1.770147927920288211e+01
1.841334704570432468e+00 1.740823576690240770e+01
1.854104634581526634e+00 1.711971568961197576e+01
1.866963125956332847e+00 1.683584567873629823e+01
1.879910792881080317e+00 1.655655345229618547e+01
1.892948253801468361e+00 1.628176779984032052e+01
1.906076131452210776e+00 1.601141856754853521e+01
1.919295052886779374e+00 1.574543664352314032e+01
1.932605649507354695e+00 1.548375394326801135e+01
1.946008557094984770e+00 1.522630339535152544e+01
1.959504415839954161e+00 1.497301891964505671e+01
1.973093870372362391e+00 1.472383538963551786e+01
1.986777569792914866e+00 1.447868864423565505e+01
2.000556167703925858e+00 1.423751548293792446e+01
2.014430322240540416e+00 1.400025365224573370e+01
2.028400696102167000e+00 1.376684183228268132e+01
2.042467956584134381e+00 1.353721962357590058e+01
2.056632775609563257e+00 1.331132753401180935e+01
2.070895829761460583e+00 1.308910696596346490e+01
2.085257800315037269e+00 1.287050020358562641e+01
2.099719373270250156e+00 1.265545040027747703e+01
2.114281239384566469e+00 1.244390156630899291e+01
2.128944094205960091e+00 1.223579855661170512e+01
2.143708638106132991e+00 1.203108705872931949e+01
2.158575576313968902e+00 1.182971358092747494e+01
2.173545618949219715e+00 1.163162544046158331e+01
2.188619481056421900e+00 1.143677075199888016e+01
2.203797882639054073e+00 1.124509841619517481e+01
2.219081548693924155e+00 1.105655810842230125e+01
2.234471209245802115e+00 1.087110026764605131e+01
2.249967599382287187e+00 1.068867608545230041e+01
2.265571459288921119e+00 1.050923749521916584e+01
2.281283534284543002e+00 1.033273716143402510e+01
2.297104574856887016e+00 1.015912846915325751e+01
2.313035336698433753e+00 9.988365513603573831e+00
2.329076580742501346e+00 9.820403089922340456e+00
2.345229073199595504e+00 9.655196683035851990e+00
2.361493585594004685e+00 9.492702457673907190e+00
2.377870894800653279e+00 9.332877248519080737e+00
2.394361783082208373e+00 9.175678550488196805e+00
2.410967038126445861e+00 9.021064509145434229e+00
2.427687453083872793e+00 8.868993911167981636e+00
2.444523826605613515e+00 8.719426168679486722e+00
2.461476962881556041e+00 8.572321305908197075e+00
2.478547671678765330e+00 8.427639960742011382e+00
2.495736768380161230e+00 8.285343376882885025e+00
2.513045074023465553e+00 8.145393394965493528e+00
2.530473415340418253e+00 8.007752443797155451e+00
2.548022624796267621e+00 7.872383531718794458e+00
2.565693540629531366e+00 7.739250238084473210e+00
2.583487006892036586e+00 7.608316704858780533e+00
2.601403873489236407e+00 7.479547628329900277e+00
2.619444996220801958e+00 7.352908250937453261e+00
2.637611236821503891e+00 7.228364353213286186e+00
2.655903463002372344e+00 7.105882245834117761e+00
2.674322548492142015e+00 6.985428761784223894e+00
2.692869373078985440e+00 6.866971248627041113e+00
2.711544822652537601e+00 6.750477560884386996e+00
2.730349789246210079e+00 6.635916052521573683e+00
2.749285171079798751e+00 6.523255569537290910e+00
2.768351872602386354e+00 6.412465442657161674e+00
2.787550804535546600e+00 6.303515480128961457e+00
2.806882883916840488e+00 6.196375960618963674e+00
2.826349034143622596e+00 6.091017626207634983e+00
2.845950185017144474e+00 5.987411675483321538e+00
2.865687272786967998e+00 5.885529756733409279e+00
2.885561240195684718e+00 5.785343961230566379e+00
2.905573036523946495e+00 5.686826816613809399e+00
2.925723617635808349e+00 5.589951280362599917e+00
2.946013946024383046e+00 5.494690733363214008e+00
2.966444990857818098e+00 5.401018973565580694e+00
2.987017728025584518e+00 5.308910209730014707e+00
3.007733140185092857e+00 5.218339055262350534e+00
3.028592216808629001e+00 5.129280521686450989e+00
3.049595954230616357e+00 5.041710006529715571e+00
3.070745355695205348e+00 4.955603289480423612e+00
3.092041431404193297e+00 4.870936531750430731e+00
3.113485198565278722e+00 4.787686270436216418e+00
3.135077681440645136e+00 4.705829412828098413e+00
3.156819911395887690e+00 4.625343230801233219e+00
3.178712926949275541e+00 4.546205355287187722e+00
3.200757773821355290e+00 4.468393770825097810e+00
3.222955504984902131e+00 4.391886810191398816e+00
3.245307180715213402e+00 4.316663149106973130e+00
3.267813868640753849e+00 4.242701801020652752e+00
3.290476643794149503e+00 4.169982111968218774e+00
3.313296588663539044e+00 4.098483755505676562e+00
3.336274793244275116e+00 4.028186727715812765e+00
3.359412355090992897e+00 3.959071342287422635e+00
3.382710379370030385e+00 3.891118225665561425e+00
3.406169978912218621e+00 3.824308312272421073e+00
3.429792274266036944e+00 3.758622839797656656e+00
3.453578393751133291e+00 3.694043344557214059e+00
3.477529473512222857e+00 3.630551656919664527e+00
3.501646657573350030e+00 3.568129896799379974e+00
3.525931097892539334e+00 3.506760469215279397e+00
3.550383954416813648e+00 3.446426059914567297e+00
3.575006395137600101e+00 3.387109631060415182e+00
3.599799596146523228e+00 3.328794416982631343e+00
3.624764741691574255e+00 3.271463919990777569e+00
3.649903024233683180e+00 3.215101906248460928e+00
3.675215644503672774e+00 3.159692401708225074e+00
3.700703811559610923e+00 3.105219688106175546e+00
3.726368742844567095e+00 3.051668299015501074e+00
3.752211664244755607e+00 2.999023015957919203e+00
3.778233810148095451e+00 2.947268863649640469e+00
3.804436423503170239e+00 2.896391102469993761e+00
3.830820755878594941e+00 2.846375228291861514e+00
3.857388067522802277e+00 2.797206970423956829e+00
3.884139627424230135e+00 2.748872287981329432e+00
3.911076713371945068e+00 2.701357366309097507e+00
3.938200612016667712e+00 2.654648613459493323e+00
3.965512618932233835e+00 2.608732656721471255e+00
3.993014038677476396e+00 2.563596339202168561e+00
4.020706184858537924e+00 2.519226716459427085e+00
4.048590380191615878e+00 2.475611053184701316e+00
4.076667956566137896e+00 2.432736819935615191e+00
4.104940255108386005e+00 2.390591689917469953e+00
4.133408626245552497e+00 2.349163535813028059e+00
4.162074429770242112e+00 2.308440426659858602e+00
4.190939034905421856e+00 2.268410624774551021e+00
4.220003820369827352e+00 2.229062582723195796e+00
4.249270174443810610e+00 2.190384940337428699e+00
4.278739495035654983e+00 2.152366521775393782e+00
4.308413189748347527e+00 2.114996332626928321e+00
4.338292675946808785e+00 2.078263557062477229e+00
4.368379380825596847e+00 2.042157555025009508e+00
4.398674741477077710e+00 2.006667859464261294e+00
4.429180204960063705e+00 1.971784173612880720e+00
4.459897228368937760e+00 1.937496368303740724e+00
4.490827278903248398e+00 1.903794479327746592e+00
4.521971833937790564e+00 1.870668704831881080e+00
4.553332381093172287e+00 1.838109402756461064e+00
4.584910418306875179e+00 1.806107088311440734e+00
4.616707453904796310e+00 1.774652431490983506e+00
4.648725006673299021e+00 1.743736254625722237e+00
4.680964605931756672e+00 1.713349529970966900e+00
4.713427791605596440e+00 1.683483377109251222e+00
4.746116114299861799e+00 1.654129060388862094e+00
4.779031135373270622e+00 1.625277987060667062e+00
4.812174427012794631e+00 1.596921705070771136e+00
4.845547572308758433e+00 1.569051900826068602e+00
4.879152165330451041e+00 1.541660396993970839e+00
4.912989811202271184e+00 1.514739150335798312e+00
4.947062126180392205e+00 1.488280249573354697e+00
4.981370737729966969e+00 1.462275913288179297e+00
5.015917284602857684e+00 1.436718487853052340e+00
5.050703416915916399e+00 1.411600445395202685e+00
5.085730796229801953e+00 1.386914381790820272e+00
5.121001095628339606e+00 1.362653014690414333e+00
5.156515999798446437e+00 1.338809181574479146e+00
5.192277205110586102e+00 1.315375837839141804e+00
5.228286419699808896e+00 1.292346054911290842e+00
5.264545363547334489e+00 1.269713018392714554e+00
5.301055768562707549e+00 1.247470026232913254e+00
5.337819378666521786e+00 1.225610486930089893e+00
5.374837949873723986e+00 1.204127917759904243e+00
5.412113250377480256e+00 1.183015943031662909e+00
5.449647060633642681e+00 1.162268292371437806e+00
5.487441173445788856e+00 1.141878799031747382e+00
5.525497394050856492e+00 1.121841398227470199e+00
5.563817540205366008e+00 1.102150125497501909e+00
5.602403442272255063e+00 1.082799115091854780e+00
5.641256943308297522e+00 1.063782598383761213e+00
5.680379899152140588e+00 1.045094902306456408e+00
5.719774178512947671e+00 1.026730447814282021e+00
5.759441663059659433e+00 1.008683748367662725e+00
5.799384247510870338e+00 9.909494084417165283e-01
5.839603839725328704e+00 9.735221219917945534e-01
5.880102360793070027e+00 9.563966697853825139e-01
5.920881745127170248e+00 9.395679181951963610e-01
5.961943940556151844e+00 9.230308190027604054e-01
6.003290908417016070e+00 9.067804080578969472e-01
6.044924623648928019e+00 8.908118039141319500e-01
6.086847074887549169e+00 8.751202064855787555e-01
6.129060264560025395e+00 8.597008957249935301e-01
6.171566208980633128e+00 8.445492303226364017e-01
6.214366938447088984e+00 8.296606464256661706e-01
6.257464497337522857e+00 8.150306563777075519e-01
6.300860944208134917e+00 8.006548474783672376e-01
6.344558351891516956e+00 7.865288807622792255e-01
6.388558807595661193e+00 7.726484897974914556e-01
6.432864413003660964e+00 7.590094795028420327e-01
6.477477284374093536e+00 7.456077249840165067e-01
6.522399552642101028e+00 7.324391703880818172e-01
6.567633363521183654e+00 7.194998277761417427e-01
6.613180877605678631e+00 7.067857760138260836e-01
6.659044270473966520e+00 6.942931596794449378e-01
6.705225732792391646e+00 6.820181879894017252e-01
6.751727470419892185e+00 6.699571337407113081e-01
6.798551704513364768e+00 6.581063322702863649e-01
6.845700671633762724e+00 6.464621804307861819e-01
6.893176623852919960e+00 6.350211355827558579e-01
6.940981828861123581e+00 6.237797146027738160e-01
6.989118570075432579e+00 6.127344929074317603e-01
7.037589146748737257e+00 6.018821034928256708e-01
7.086395874079595814e+00 5.912192359893946314e-01
7.135541083322807232e+00 5.807426357317925225e-01
7.185027121900771085e+00 5.704491028436425859e-01
7.234856353515611183e+00 5.603354913368742141e-01
7.285031158262076367e+00 5.503987081888915833e-01
7.335553932741226468e+00 5.406357122777352142e-01
7.386427090174906063e+00 5.310435136816968882e-01
7.437653060521013160e+00 5.216191729307683156e-01
7.489234290589561915e+00 5.123598001748944641e-01
7.541173244159561584e+00 5.032625543653544975e-01
7.593472402096693941e+00 4.943246424492630520e-01
7.646134262471811383e+00 4.855433185770209881e-01
7.699161340680262811e+00 4.769158833224966809e-01
7.752556169562034860e+00 4.684396829157504993e-01
7.806321299522737789e+00 4.601121084880939183e-01
7.860459298655422700e+00 4.519305953293006883e-01
7.914972752863249639e+00 4.438926221567970343e-01
7.969864265982998575e+00 4.359957103965945158e-01
8.025136459909450792e+00 4.282374234758443698e-01
8.080791974720609616e+00 4.206153661267781341e-01
8.136833468803818192e+00 4.131271837019141469e-01
8.193263618982728147e+00 4.057705615002671351e-01
8.250085120645165304e+00 3.985432241044989388e-01
8.307300687871865819e+00 3.914429347287473604e-01
8.364913053566121803e+00 3.844674945770049090e-01
8.422924969584313359e+00 3.776147422118960595e-01
8.481339206867362535e+00 3.708825529336499671e-01
8.540158555573064803e+00 3.642688381691394084e-01
8.599385825209388656e+00 3.577715448708324031e-01
8.659023844768649170e+00 3.513886549254633951e-01
8.719075462862647896e+00 3.451181845723124697e-01
8.779543547858729369e+00 3.389581838309260742e-01
8.840430988016796832e+00 3.329067359381187030e-01
8.901740691627264113e+00 3.269619567941314808e-01
8.963475587149970281e+00 3.211219944177771124e-01
9.025638623354057088e+00 3.153850284101676893e-01
9.088232769458821636e+00 3.097492693026195898e-01
9.151261015275538924e+00 3.042129578590007655e-01
9.214726371350268508e+00 2.987743648523096818e-01
9.278631869107655916e+00 2.934317906130644027e-01
9.342980560995725270e+00 2.881835645340919405e-01
9.407775520631680877e+00 2.830280445834230107e-01
9.473019842948723124e+00 2.779636168251445327e-01
9.538716644343869788e+00 2.729886949481226677e-01
9.604869062826823622e+00 2.681017198024318593e-01
9.671480258169840027e+00 2.633011589433981725e-01
9.738553412058676528e+00 2.585855061831038859e-01
9.806091728244544115e+00 2.539532811492695163e-01
9.874098432697151040e+00 2.494030288513725269e-01
9.942576773758782238e+00 2.449333192538804549e-01
1.001153002229946409e+01 2.405427468565151938e-01
1.008096147187318792e+01 2.362299302814071800e-01
1.015087443887523300e+01 2.319935118670348462e-01
1.022127226270057498e+01 2.278321572688628838e-01
1.029215830590339031e+01 2.237445550665298766e-01
1.036353595435766550e+01 2.197294163775309617e-01
1.043540861741892911e+01 2.157854744772471078e-01
1.050777972808709571e+01 2.119114844252413810e-01
1.058065274317045024e+01 2.081062226977243856e-01
1.065403114345074798e+01 2.043684868260767507e-01
1.072791843384949217e+01 2.006970950413393129e-01
1.080231814359533260e+01 1.970908859245754652e-01
1.087723382639264535e+01 1.935487180630079684e-01
1.095266906059127621e+01 1.900694697118367194e-01
1.102862744935745631e+01 1.866520384616512096e-01
1.110511262084591699e+01 1.832953409113434184e-01
1.118212822837317688e+01 1.799983123464343193e-01
1.125967795059204590e+01 1.767599064205900572e-01
1.133776549166734426e+01 1.735790947893248171e-01
1.141639458145282404e+01 1.704548668036156289e-01
1.149556897566932534e+01 1.673862292722100575e-01
1.157529245608417234e+01 1.643722061686954949e-01
1.165556883069180927e+01 1.614118383401389190e-01
1.173640193389568509e+01 1.585041832205659473e-01
1.181779562669141193e+01 1.556483145492047748e-01
1.189975379685117574e+01 1.528433220934199699e-01
1.198228035910944023e+01 1.500883113762529197e-01
1.206537925534994038e+01 1.473824034085051138e-01
1.214905445479395851e+01 1.447247344252752532e-01
1.223330995418991485e+01 1.421144556268986447e-01
1.231814977800427435e+01 1.395507329241909011e-01
1.240357797861378053e+01 1.370327466879515399e-01
1.248959863649900370e+01 1.345596915026405216e-01
1.257621586043926243e+01 1.321307759241706903e-01
1.266343378770886297e+01 1.297452222417386225e-01
1.275125658427473319e+01 1.274022662436374298e-01
1.283968844499539053e+01 1.251011569869847628e-01
1.292873359382133103e+01 1.228411565712944353e-01
1.301839628399676663e+01 1.206215399158398760e-01
1.310868079826279597e+01 1.184415945407397558e-01
1.319959144906195903e+01 1.163006203517091414e-01
1.329113257874423404e+01 1.141979294284135166e-01
1.338330855977443434e+01 1.121328458163673020e-01
1.347612379494107060e+01 1.101047053223234706e-01
1.356958271756664658e+01 1.081128553130855374e-01
1.366368979171941334e+01 1.061566545177020510e-01
1.375844951242660485e+01 1.042354728329731306e-01
1.385386640588913387e+01 1.023486911322250836e-01
1.394994502969779404e+01 1.004957010772923043e-01
1.404668997305093825e+01 9.867590491937473784e-02
1.414410585697370415e+01 9.688871521992586944e-02
1.424219733453872117e+01 9.513355473948122143e-02
1.434096909108836826e+01 9.340985631835514724e-02
1.444042584445857358e+01 9.171706270369292535e-02
1.454057234520415243e+01 9.005462637909039669e-02
1.464141337682573507e+01 8.842200939709546348e-02
1.474295375599823110e+01 8.681868321453543869e-02
1.484519833280091206e+01 8.524412853063202677e-02
1.494815199094906433e+01 8.369783512785472501e-02
1.505181964802727457e+01 8.217930171546433682e-02
1.515620625572429958e+01 8.068803577570678176e-02
1.526131680006960778e+01 7.922355341260980954e-02
1.536715630167150870e+01 7.778537920334036015e-02
1.547372981595698782e+01 7.637304605208294905e-02
1.558104243341316320e+01 7.498609504639046353e-02
1.568909927983044206e+01 7.362407531597328636e-02
1.579790551654734188e+01 7.228654389388246282e-02
1.590746634069704335e+01 7.097306558004901067e-02
1.601778698545560786e+01 6.968321280713619947e-02
1.612887272029195884e+01 6.841656550867220021e-02
1.624072885121956134e+01 6.717271098942323437e-02
1.635336072104988148e+01 6.595124379796321601e-02
1.646677370964757259e+01 6.475176560141607252e-02
1.658097323418745006e+01 6.357388506232203307e-02
1.669596474941324260e+01 6.241721771760024018e-02
1.681175374789814114e+01 6.128138585957087353e-02
1.692834576030714544e+01 6.016601841900067610e-02
1.704574635566123675e+01 5.907075085013886728e-02
1.716396114160339081e+01 5.799522501771371685e-02
1.728299576466641696e+01 5.693908908584850714e-02
1.740285591054266945e+01 5.590199740887349250e-02
1.752354730435563113e+01 5.488361041631177606e-02
1.764507571093335869e+01 5.388359449217838132e-02
1.776744693508384998e+01 5.290162189196316589e-02
1.789066682187231905e+01 5.193737064538545001e-02
1.801474125690036487e+01 5.099052445609206230e-02
1.813967616658711179e+01 5.006077260307122828e-02
1.826547751845228973e+01 4.914780984375265172e-02
1.839215132140125064e+01 4.825133631876297319e-02
1.851970362601201714e+01 4.737105745831463738e-02
1.864814052482425666e+01 4.650668389019188553e-02
1.877746815263030555e+01 4.565793134931694919e-02
1.890769268676820758e+01 4.482452058886236129e-02
1.903882034741674900e+01 4.400617729288641006e-02
1.917085739789260046e+01 4.320263199046664448e-02
1.930381014494945191e+01 4.241361997130449479e-02
1.943768493907926498e+01 4.163888120277672161e-02
1.957248817481561787e+01 4.087816024841205848e-02
1.970822629103912149e+01 4.013120618776253035e-02
1.984490577128499211e+01 3.939777253765431447e-02
1.998253314405271652e+01 3.867761717478751526e-02
2.012111498311789859e+01 3.797050225966719372e-02
2.026065790784625875e+01 3.727619416183984569e-02
2.040116858350979712e+01 3.659446338641571955e-02
2.054265372160516989e+01 3.592508450185376290e-02
2.068512008017425430e+01 3.526783606898705598e-02
2.082857446412696589e+01 3.462250057127175956e-02
2.097302372556626793e+01 3.398886434623422936e-02
2.111847476411548996e+01 3.336671751809747871e-02
2.126493452724786337e+01 3.275585393156937863e-02
2.141241001061838745e+01 3.215607108676964143e-02
2.156090825839797276e+01 3.156717007527843483e-02
2.171043636360988316e+01 3.098895551670592663e-02
2.186100146846858294e+01 3.042123547478029627e-02
2.201261076472083289e+01 2.986382139168989105e-02
2.216527149398923058e+01 2.931652805793399583e-02
2.231899094811811324e+01 2.877917355563343674e-02
2.247377646952184094e+01 2.825157920074329934e-02
2.262963545153549560e+01 2.773356948626748072e-02
2.278657533876805275e+01 2.722497202645699291e-02
2.294460362745794768e+01 2.672561750197416028e-02
2.310372786583115712e+01 2.623533960600858694e-02
2.326395565446171787e+01 2.575397499132650939e-02
2.342529464663477512e+01 2.528136321823870603e-02
2.358775254871214599e+01 2.481734670347058094e-02
2.375133712050043044e+01 2.436177066991998194e-02
2.391605617562161257e+01 2.391448309728655408e-02
2.408191758188633003e+01 2.347533467355831724e-02
2.424892926166964457e+01 2.304417874734051783e-02
2.441709919228947001e+01 2.262087128101284567e-02
2.458643540638760783e+01 2.220527080469983025e-02
2.475694599231342963e+01 2.179723837104186046e-02
2.492863909451019921e+01 2.139663751075166279e-02
2.510152291390411960e+01 2.100333418894416437e-02
2.527560570829603037e+01 2.061719676222543984e-02
2.545089579275584768e+01 2.023809593652830738e-02
2.562740154001973636e+01 1.986590472568112650e-02
2.580513138089002823e+01 1.950049841069908044e-02
2.598409380463792928e+01 1.914175449978198010e-02
2.616429735940899448e+01 1.878955268901064818e-02
2.634575065263144822e+01 1.844377482372695082e-02
2.652846235142730436e+01 1.810430486058664523e-02
2.671244118302636394e+01 1.777102883027388558e-02
2.689769593518305868e+01 1.744383480086571930e-02
2.708423545659619336e+01 1.712261284021160748e-02
2.727206865733164065e+01 1.680725496619486434e-02
2.746120450924788159e+01 1.649765512009231105e-02
2.765165204642458718e+01 1.619370914211688828e-02
2.784342036559409905e+01 1.589531473789908278e-02
2.803651862657595828e+01 1.560237144543773387e-02
2.823095605271442210e+01 1.531478060262888088e-02
2.842674193131900395e+01 1.503244531536410654e-02
2.862388561410809373e+01 1.475527042618752886e-02
2.882239651765562982e+01 1.448316248350177415e-02
2.902228412384090817e+01 1.421602971131419486e-02
2.922355798030145380e+01 1.395378197951285468e-02
2.942622770088907913e+01 1.369633077466428199e-02
2.963030296612909709e+01 1.344358917132315243e-02
2.983579352368270676e+01 1.319547180384518514e-02
3.004270918881255525e+01 1.295189483869469901e-02
3.025105984485163901e+01 1.271277594723848638e-02
3.046085544367531739e+01 1.247803427901669933e-02
3.067210600617667282e+01 1.224759043548354076e-02
3.088482162274520348e+01 1.202136644420892866e-02
3.109901245374873113e+01 1.179928573353338991e-02
3.131468873001875153e+01 1.158127310766809102e-02
3.153186075333909599e+01 1.136725472223289353e-02
3.175053889693800002e+01 1.115715806022382801e-02
3.197073360598357894e+01 1.095091190840344168e-02
3.219245539808274259e+01 1.074844633410639710e-02
3.241571486378356326e+01 1.054969266245277086e-02
3.264052266708115013e+01 1.035458345396240640e-02
3.286688954592699474e+01 1.016305248256327981e-02
3.309482631274188691e+01 9.975034713986625709e-03
3.332434385493235851e+01 9.790466284542729061e-03
3.355545313541071550e+01 9.609284480270315759e-03
3.378816519311872213e+01 9.431427712563790131e-03
3.402249114355479520e+01 9.256835487693694173e-03
3.425844217930503532e+01 9.085448399241666945e-03
3.449602957057776109e+01 8.917208112264710801e-03
3.473526466574188731e+01 8.752057344146503548e-03
3.497615889186891991e+01 8.589939845787692915e-03
3.521872375527883747e+01 8.430800383129122624e-03
3.546297084208963923e+01 8.274584719002458025e-03
3.570891181877078679e+01 8.121239595302072109e-03
3.595655843270044016e+01 7.970712715472815998e-03
3.620592251272656625e+01 7.822952727308091561e-03
3.645701596973196956e+01 7.677909206052725352e-03
3.670985079720317401e+01 7.535532637805322613e-03
3.696443907180333355e+01 7.395774403214913639e-03
3.722079295394905074e+01 7.258586761466602477e-03
3.747892468839123126e+01 7.123922834551147353e-03
3.773884660479994579e+01 6.991736591813797752e-03
3.800057111835334922e+01 6.861982834776839645e-03
3.826411073033072796e+01 6.734617182231785251e-03
3.852947802870957617e+01 6.609596055595913858e-03
3.879668568876689250e+01 6.486876664528773949e-03
3.906574647368461939e+01 6.366416992804064395e-03
3.933667323515923187e+01 6.248175784432350582e-03
3.960947891401566778e+01 6.132112530030052293e-03
3.988417654082539343e+01 6.018187453430938125e-03
4.016077923652881054e+01 5.906361498534909264e-03
4.043930021306203315e+01 5.796596316391041184e-03
4.071975277398787796e+01 5.688854252509612311e-03
4.100215031513136665e+01 5.583098334400164557e-03
4.128650632521956965e+01 5.479292259330644822e-03
4.157283438652585517e+01 5.377400382304558732e-03
4.186114817551870715e+01 5.277387704138119910e-03
4.215146146351493428e+01 5.179219852982074393e-03
4.244378811733748336e+01 5.082863069618380469e-03
4.273814209997777880e+01 4.988284206948408010e-03
4.303453747126265938e+01 4.895450719946671699e-03
4.333298838852597612e+01 4.804330654803772721e-03
4.363350910728477317e+01 4.714892638263786483e-03
4.393611398192022932e+01 4.627105867152709294e-03
4.424081746636330337e+01 4.540940098094485913e-03
4.454763411478509738e+01 4.456365637411201404e-03
4.485657858229206596e+01 4.373353331204371183e-03
4.516766562562602161e+01 4.291874555613919666e-03
4.548091010386892918e+01 4.211901207251715455e-03
4.579632697915274520e+01 4.133405693806648136e-03
4.611393131737401774e+01 4.056360924818093808e-03
4.643373828891351707e+01 3.980740302614802113e-03
4.675576316936088261e+01 3.906517713416255734e-03
4.708002134024421537e+01 3.833667518593654802e-03
4.740652828976482880e+01 3.762164546087575900e-03
4.773529961353698781e+01 3.691984081979583863e-03
4.806635101533287724e+01 3.623101862215139229e-03
4.839969830783267923e+01 3.555494064474852296e-03
4.873535741337985172e+01 3.489137300191783551e-03
4.907334436474168626e+01 3.424008606711800243e-03
4.941367530587509549e+01 3.360085439594791626e-03
4.975636649269772249e+01 3.297345665054054933e-03
5.010143429386443614e+01 3.235767552531337594e-03
5.044889519154915547e+01 3.175329767405269711e-03
5.079876578223211681e+01 3.116011363830676652e-03
5.115106277749262631e+01 3.057791777706550009e-03
5.150580300480726237e+01 3.000650819770242679e-03
5.186300340835367706e+01 2.944568668815759557e-03
5.222268104981989723e+01 2.889525864685591350e-03
5.258485310921930989e+01 2.835503297679947167e-03
5.294953688571123962e+01 2.782482203861439633e-03
5.331674979842723161e+01 2.730444161924521374e-03
5.368650938730315403e+01 2.679371087040251145e-03
5.405883331391687818e+01 2.629245224748077894e-03
5.443373936233198407e+01 2.580049144957976236e-03
5.481124543994717868e+01 2.531765736060848614e-03
5.519136957835160473e+01 2.484378199145368792e-03
5.557412993418619607e+01 2.437870042319238793e-03
5.595954479001088799e+01 2.392225075133038673e-03
5.634763255517784586e+01 2.347427403104804331e-03
5.673841176671088249e+01 2.303461422343555231e-03
5.713190109019080865e+01 2.260311814269953205e-03
5.752811932064700073e+01 2.217963540432335481e-03
5.792708538345517155e+01 2.176401837416484797e-03
5.832881833524133697e+01 2.135612211847326847e-03
5.873333736479202827e+01 2.095580435481021134e-03
5.914066179397087097e+01 2.056292540385751700e-03
5.955081107864151591e+01 2.017734814209619192e-03
5.996380480959687276e+01 1.979893795534116378e-03
6.037966271349495173e+01 1.942756269311583578e-03
6.079840465380104320e+01 1.906309262385164072e-03
6.122005063173656225e+01 1.870540039089826174e-03
6.164462078723433081e+01 1.835436096932844749e-03
6.207213539990060980e+01 1.800985162352504009e-03
6.250261488998373949e+01 1.767175186553482900e-03
6.293607981934956541e+01 1.733994341417514039e-03
6.337255089246345818e+01 1.701431015488126617e-03
6.381204895737937477e+01 1.669473810027974695e-03
6.425459500673564150e+01 1.638111535147517266e-03
6.470021017875762936e+01 1.607333206003741044e-03
6.514891575826743519e+01 1.577128035930313319e-03
6.560073317770059020e+01 1.547485421753005703e-03
6.605568401812973889e+01 1.518394951531359949e-03
6.651379001029546600e+01 1.489846405397869319e-03
6.697507303564431425e+01 1.461829752015858866e-03
6.743955512737386471e+01 1.434335145102359939e-03
6.790725847148520700e+01 1.407352920015327328e-03
6.837820540784267109e+01 1.380873590403950898e-03
6.885241843124086358e+01 1.354887844920926124e-03
6.932992019247910775e+01 1.329386543995503484e-03
6.981073349944342965e+01 1.304360716666229901e-03
7.029488131819591956e+01 1.279801557472203281e-03
7.078238677407169632e+01 1.255700423401818599e-03
7.127327315278355968e+01 1.232048830897898573e-03
7.176756390153418863e+01 1.208838452918171991e-03
7.226528263013605624e+01 1.186061116050082711e-03
7.276645311213924572e+01 1.163708797678894786e-03
7.327109928596691191e+01 1.141773623208111859e-03
7.377924525605874351e+01 1.120247863331278858e-03
7.429091529402232652e+01 1.099123931354132949e-03
7.480613383979240893e+01 1.078394380566237909e-03
7.532492550279835086e+01 1.058051901661172765e-03
7.584731506313957539e+01 1.038089320204315172e-03
7.637332747276916223e+01 1.018499594147427188e-03
7.690298785668569792e+01 9.992758113891010794e-04
7.743632151413338249e+01 9.804111873802530668e-04
7.797335391981039265e+01 9.618990627738100221e-04
7.851411072508578570e+01 9.437329011177775879e-04
7.905861775922465995e+01 9.259062865908990105e-04
7.960690103062189849e+01 9.084129217800720199e-04
8.015898672804443947e+01 8.912466254988185912e-04
8.071490122188228611e+01 8.744013306901267770e-04
8.127467106540795783e+01 8.578710870994726671e-04
8.183832299604490856e+01 8.416500629991784587e-04
8.240588393664457101e+01 8.257325345103460603e-04
8.297738099677235368e+01 8.101128826063429223e-04
8.355284147400257666e+01 7.947855912118608271e-04
8.413229285522223222e+01 7.797452453360861728e-04
8.471576281794401098e+01 7.649865292393727553e-04
8.530327923162826664e+01 7.505042246328349391e-04
8.589487015901417521e+01 7.362932089102546072e-04
8.649056385746021647e+01 7.223484534117580527e-04
8.709038878029383568e+01 7.086650217186569621e-04
8.769437357817051293e+01 6.952380679789429366e-04
8.830254710044233946e+01 6.820628352628612528e-04
8.891493839653591635e+01 6.691346539480350943e-04
8.953157671733994505e+01 6.564489401336284042e-04
9.015249151660238169e+01 6.440011940830040653e-04
9.077771245233732600e+01 6.317869986943947186e-04
9.140726938824158765e+01 6.198020179990774070e-04
9.204119239512118611e+01 6.080419956865610069e-04
9.267951175232762751e+01 5.965027536563140623e-04
9.332225794920425699e+01 5.851801905955444786e-04
9.396946168654248766e+01 5.740702805825802658e-04
9.462115387804834654e+01 5.631690717153955321e-04
9.527736565181901085e+01 5.524726847648276642e-04
9.593812835182957599e+01 5.419773118520429056e-04
9.660347353943033966e+01 5.316792151498299888e-04
9.727343299485420403e+01 5.215747256072834773e-04
9.794803871873476453e+01 5.116602416974687243e-04
9.862732293363470149e+01 5.019322281876606798e-04
9.931131808558504304e+01 4.923872149317382605e-04
1.000000568456347878e+02 4.830217956843588776e-04
